filename,chromosome numbers,description
104011.jpg,46,
104013.jpg,46,
104022.jpg,46,
104023.jpg,46,
104024.jpg,46,
104031.jpg,46,
104032.jpg,46,
104033.jpg,46,
104062.jpg,46,
104071.jpg,46,
104072.jpg,46,
104074.jpg,46,
104081.jpg,46,
104082.jpg,46,
104083.jpg,46,
104103.jpg,46,
104112.jpg,46,
104113.jpg,46,
104133.jpg,46,
104134.jpg,46,
104141.jpg,46,
104142.jpg,46,
104143.jpg,46,
104151.jpg,46,
104153.jpg,46,
104162.jpg,46,
104163.jpg,46,
104171.jpg,46,
104172.jpg,46,
104173.jpg,46,
104174.jpg,46,
104181.jpg,46,
104182.jpg,46,
104183.jpg,46,
104184.jpg,46,
104191.jpg,46,
104192.jpg,46,
104193.jpg,46,
104201.jpg,46,
104114.jpg,46,
104144.jpg,46,
104164.jpg,46,
103064.jpg,46,
103071.jpg,46,
103072.jpg,46,
103091.jpg,46,
103093.jpg,46,
103094.jpg,46,
103095.jpg,46,
103101.jpg,46,
103111.jpg,46,
103112.jpg,46,
103121.jpg,46,
103132.jpg,46,
103133.jpg,46,
103141.jpg,46,
103142.jpg,46,
103143.jpg,46,
103161.jpg,46,
103162.jpg,46,
unknow001.jpg,46,
unknow002.jpg,46,
unknow003.jpg,46,
unknow004.jpg,46,
unknow005.jpg,46,
unknow006.jpg,46,
unknow007.jpg,46,
unknow008.jpg,46,
unknow009.jpg,46,
unknow010.jpg,46,
unknow011.jpg,46,
unknow012.jpg,46,
unknow013.jpg,46,
unknow014.jpg,46,
unknow015.jpg,46,
unknow016.jpg,46,
unknow017.jpg,46,
unknow018.jpg,46,
unknow019.jpg,46,
unknow020.jpg,46,
unknow021.jpg,46,
unknow022.jpg,46,
unknow023.jpg,46,
unknow024.jpg,46,
unknow032.jpg,46,
103163.jpg,46,
103181.jpg,46,
103182.jpg,46,
103183.jpg,46,
103184.jpg,46,
103191.jpg,46,
103192.jpg,46,
103193.jpg,46,
103201.jpg,46,
103202.jpg,46,
103203.jpg,46,
103212.jpg,46,
103213.jpg,46,
103214.jpg,46,
103215.jpg,46,
103221.jpg,46,
103231.jpg,46,
103232.jpg,46,
104202.jpg,46,
104203.jpg,46,
104204.jpg,46,
104212.jpg,46,
104221.jpg,46,
104222.jpg,46,
104224.jpg,46,
104232.jpg,46,
104241.jpg,46,
104244.jpg,46,
104251.jpg,46,
104252.jpg,46,
104253.jpg,46,
104261.jpg,46,
104262.jpg,46,
104263.jpg,46,
104272.jpg,46,
104274.jpg,46,
104281.jpg,46,
104282.jpg,46,
104283.jpg,46,
104291.jpg,46,
104292.jpg,46,
104293.jpg,46,
104294.jpg,46,
104301.jpg,46,
104303.jpg,46,
104304.jpg,46,
104313.jpg,46,
104321.jpg,46,
104323.jpg,46,
104324.jpg,46,
104331.jpg,46,
104332.jpg,46,
104333.jpg,46,
104341.jpg,46,
104342.jpg,46,
104343.jpg,46,
104362.jpg,46,
104363.jpg,46,
104371.jpg,46,
104374.jpg,46,
104401.jpg,46,
104402.jpg,46,
104411.jpg,46,
104501.jpg,46,
104502.jpg,46,
104511.jpg,46,
104521.jpg,46,
104522.jpg,46,
104523.jpg,46,
104541.jpg,46,
104551.jpg,46,
104552.jpg,46,
104561.jpg,46,
104562.jpg,46,
104563.jpg,46,
104571.jpg,46,
104572.jpg,46,
104581.jpg,46,
104601.jpg,46,
104602.jpg,46,
104611.jpg,46,
104621.jpg,46,
104622.jpg,46,
104631.jpg,46,
104632.jpg,46,
104651.jpg,46,
104652.jpg,46,
104661.jpg,46,
104672.jpg,46,
104681.jpg,46,
104691.jpg,46,
104692.jpg,46,
104693.jpg,46,
104711.jpg,46,
104712.jpg,46,
104731.jpg,46,
104732.jpg,46,
104741.jpg,46,
104742.jpg,46,
104751.jpg,46,
104752.jpg,46,
104753.jpg,46,
104754.jpg,46,
104761.jpg,46,
104771.jpg,46,
104781.jpg,46,
104782.jpg,46,
104791.jpg,46,
104792.jpg,46,
104793.jpg,46,
104801.jpg,46,
104802.jpg,46,
104803.jpg,46,
104811.jpg,46,
104812.jpg,46,
104813.jpg,46,
104831.jpg,46,
104832.jpg,46,
104833.jpg,46,
104834.jpg,46,
104851.jpg,46,
104852.jpg,46,
104853.jpg,46,
104871.jpg,46,
104872.jpg,46,
104881.jpg,46,
104882.jpg,46,
104891.jpg,46,
104892.jpg,46,
104901.jpg,46,
104902.jpg,46,
104911.jpg,46,
104921.jpg,46,
104922.jpg,46,
104923.jpg,46,
104941.jpg,46,
104942.jpg,46,
104943.jpg,46,
104951.jpg,46,
104952.jpg,46,
104961.jpg,46,
104962.jpg,46,
104963.jpg,46,
104971.jpg,46,
104972.jpg,46,
104973.jpg,46,
104981.jpg,46,
104982.jpg,46,
104991.jpg,46,
104992.jpg,46,
105022.jpg,46,
105023.jpg,46,
105032.jpg,46,
105051.jpg,46,
105061.jpg,46,
105062.jpg,46,
105071.jpg,46,
105072.jpg,46,
105073.jpg,46,
105074.jpg,46,
105081.jpg,46,
105082.jpg,46,
105083.jpg,46,
105091.jpg,46,
105092.jpg,46,
105101.jpg,46,
105102.jpg,46,
105103.jpg,46,
105111.jpg,46,
105112.jpg,46,
105113.jpg,46,
105121.jpg,46,
105122.jpg,46,
105123.jpg,46,
105131.jpg,46,
105132.jpg,46,
105133.jpg,46,
105134.jpg,46,
105141.jpg,46,
105142.jpg,46,
105151.jpg,46,
105152.jpg,46,
105161.jpg,46,
105162.jpg,46,
105163.jpg,46,
105171.jpg,46,
105172.jpg,46,
105173.jpg,46,
105174.jpg,46,
105181.jpg,46,
105191.jpg,46,
105192.jpg,46,
105194.jpg,46,
105201.jpg,46,
105202.jpg,46,
105203.jpg,46,
105204.jpg,46,
1032292.jpg,46,
1032293.jpg,46,
1032302.jpg,46,
1032303.jpg,46,
1050211.jpg,46,
1050212.jpg,46,
1050224.jpg,46,
1050231.jpg,46,
1050232.jpg,46,
1050233.jpg,46,
1050241.jpg,46,
1050242.jpg,46,
1050243.jpg,46,
1050244.jpg,46,
1050251.jpg,46,
1050252.jpg,46,
1050253.jpg,46,
1050261.jpg,46,
1050271.jpg,46,
1050272.jpg,46,
1050273.jpg,46,
1050281.jpg,46,
1050282.jpg,46,
1050291.jpg,46,
1050292.jpg,46,
1050301.jpg,46,
1050302.jpg,46,
1050303.jpg,46,
1050321.jpg,46,
1050322.jpg,46,
1050324.jpg,46,
1050325.jpg,46,
1050331.jpg,46,
1050332.jpg,46,
1050334.jpg,46,
1050341.jpg,46,
1050342.jpg,46,
1050343.jpg,46,
1050344.jpg,46,
1050351.jpg,46,
1050352.jpg,46,
1050361.jpg,46,
1050362.jpg,46,
1050363.jpg,46,
1050371.jpg,46,
1050372.jpg,46,
1050373.jpg,46,
1050374.jpg,46,
1050382.jpg,46,
1050383.jpg,46,
1050391.jpg,46,
1050392.jpg,46,
1050401.jpg,46,
1050402.jpg,46,
1050403.jpg,46,
1050411.jpg,46,
1050421.jpg,46,
1050422.jpg,46,
1050442.jpg,46,
1050451.jpg,46,
1050452.jpg,46,
1050453.jpg,46,
1050461.jpg,46,
1050462.jpg,46,
1050471.jpg,46,
1050472.jpg,46,
1050473.jpg,46,
1050481.jpg,46,
1050491.jpg,46,
1050492.jpg,46,
1050493.jpg,46,
1050495.jpg,46,
1050501.jpg,46,
1050502.jpg,46,
1050503.jpg,46,
1050504.jpg,46,
1050511.jpg,46,
1050512.jpg,46,
1050513.jpg,46,
1050521.jpg,46,
1050522.jpg,46,
1050523.jpg,46,
1050531.jpg,46,
1050532.jpg,46,
1050533.jpg,46,
1050534.jpg,46,
1050541.jpg,46,
1050542.jpg,46,
1050543.jpg,46,
1050552.jpg,46,
1050553.jpg,46,
1050561.jpg,46,
1050562.jpg,46,
1050563.jpg,46,
1050571.jpg,46,
1050572.jpg,46,
1050573.jpg,46,
1050582.jpg,46,
1050591.jpg,46,
1050592.jpg,46,
1050593.jpg,46,
1050601.jpg,46,
1050602.jpg,46,
1050603.jpg,46,
1050611.jpg,46,
1050612.jpg,46,
1050613.jpg,46,
1050621.jpg,46,
1050622.jpg,46,
1050623.jpg,46,
1050631.jpg,46,
1050632.jpg,46,
1050633.jpg,46,
1050641.jpg,46,
1050642.jpg,46,
1050644.jpg,46,
1050651.jpg,46,
1050652.jpg,46,
1050653.jpg,46,
1050654.jpg,46,
1050661.jpg,46,
1050663.jpg,46,
1050671.jpg,46,
1050672.jpg,46,
1050681.jpg,46,
1050682.jpg,46,
1050683.jpg,46,
1050684.jpg,46,
1050691.jpg,46,
1050692.jpg,46,
1050693.jpg,46,
1050701.jpg,46,
1050702.jpg,46,
1050703.jpg,46,
1050704.jpg,46,
1050712.jpg,46,
1050713.jpg,46,
1050714.jpg,46,
1050721.jpg,46,
1050722.jpg,46,
1050723.jpg,46,
1050731.jpg,46,
1050732.jpg,46,
1050733.jpg,46,
1050734.jpg,46,
1050741.jpg,46,
1050742.jpg,46,
1050743.jpg,46,
1050751.jpg,46,
1050752.jpg,46,
1050753.jpg,46,
1050754.jpg,46,
1050771.jpg,46,
1050772.jpg,46,
1050773.jpg,46,
1050774.jpg,46,
1050781.jpg,46,
1050782.jpg,46,
1050783.jpg,46,
1050791.jpg,46,
1050792.jpg,46,
1050793.jpg,46,
1050801.jpg,46,
1050802.jpg,46,
1050803.jpg,46,
1050804.jpg,46,
1050811.jpg,46,
1050812.jpg,46,
1050813.jpg,46,
1055511.jpg,46,
1055512.jpg,46,
1055513.jpg,46,
1055514.jpg,46,
1055521.jpg,46,
1055522.jpg,46,
1055523.jpg,46,
1055524.jpg,46,
1055531.jpg,46,
1055532.jpg,46,
1050815.jpg,46,
1050821.jpg,46,
1050822.jpg,46,
1050823.jpg,46,
1050831.jpg,46,
1050851.jpg,46,
1050852.jpg,46,
1050854.jpg,46,
1050861.jpg,46,
1050862.jpg,46,
1050871.jpg,46,
1050872.jpg,46,
1050873.jpg,46,
1050881.jpg,46,
1050882.jpg,46,
1050883.jpg,46,
1050884.jpg,46,
1050891.jpg,46,
1050892.jpg,46,
1050893.jpg,46,
1050894.jpg,46,
1050901.jpg,46,
1050902.jpg,46,
1050922.jpg,46,
1050923.jpg,46,
1055533.jpg,46,
1055534.jpg,46,
1055541.jpg,46,
1055542.jpg,46,
1055543.jpg,46,
1055544.jpg,46,
1055551.jpg,46,
1055552.jpg,46,
1055553.jpg,46,
1055554.jpg,46,
1050932.jpg,46,
1050933.jpg,46,
1050941.jpg,46,
1050942.jpg,46,
1050943.jpg,46,
1050951.jpg,46,
1055561.jpg,46,
1055562.jpg,46,
1055563.jpg,46,
1055571.jpg,46,
1055572.jpg,46,
1055573.jpg,46,
1055574.jpg,46,
1055581.jpg,46,
1055582.jpg,46,
1055583.jpg,46,
1050952.jpg,46,
1050961.jpg,46,
1050963.jpg,46,
1050964.jpg,46,
1050971.jpg,46,
1055584.jpg,46,
1055591.jpg,46,
1055592.jpg,46,
1055593.jpg,46,
1055594.jpg,46,
1055601.jpg,46,
1055602.jpg,46,
1055603.jpg,46,
1055611.jpg,46,
1055612.jpg,46,
1052092.jpg,46,
1052093.jpg,46,
1052094.jpg,46,
1052101.jpg,46,
1052102.jpg,46,
1052111.jpg,46,
1052112.jpg,46,
1052113.jpg,46,
1052114.jpg,46,
1052121.jpg,46,
1052122.jpg,46,
1052123.jpg,46,
1052131.jpg,46,
1052141.jpg,46,
1052142.jpg,46,
1052143.jpg,46,
1052152.jpg,46,
1052153.jpg,46,
1052161.jpg,46,
1052162.jpg,46,
1052163.jpg,46,
1052171.jpg,46,
1052172.jpg,46,
1052173.jpg,46,
1052181.jpg,46,
1052182.jpg,46,
1052184.jpg,46,
1052191.jpg,46,
1052192.jpg,46,
1052193.jpg,46,
1052211.jpg,46,
1050972.jpg,46,
1050973.jpg,46,
1050974.jpg,46,
1050981.jpg,46,
1050982.jpg,46,
1050983.jpg,46,
1050991.jpg,46,
1050992.jpg,46,
1050993.jpg,46,
1051002.jpg,46,
1051003.jpg,46,
1051004.jpg,46,
1051011.jpg,46,
1051021.jpg,46,
1051022.jpg,46,
1051023.jpg,46,
1051024.jpg,46,
1051025.jpg,46,
1051031.jpg,46,
1051032.jpg,46,
1051033.jpg,46,
1051041.jpg,46,
1051042.jpg,46,
1051043.jpg,46,
1051051.jpg,46,
1051052.jpg,46,
1051061.jpg,46,
1051062.jpg,46,
1051071.jpg,46,
1051072.jpg,46,
1051073.jpg,46,
1051081.jpg,46,
1051082.jpg,46,
1051083.jpg,46,
1051091.jpg,46,
1051092.jpg,46,
1051093.jpg,46,
1051101.jpg,46,
1051111.jpg,46,
1051112.jpg,46,
1051121.jpg,46,
1051122.jpg,46,
1051131.jpg,46,
1051141.jpg,46,
1051142.jpg,46,
1051151.jpg,46,
1051152.jpg,46,
1051153.jpg,46,
1051161.jpg,46,
1051162.jpg,46,
1051163.jpg,46,
1051171.jpg,46,
1051172.jpg,46,
1051181.jpg,46,
1051182.jpg,46,
1051183.jpg,46,
1051191.jpg,46,
1051192.jpg,46,
1051193.jpg,46,
1051201.jpg,46,
1051202.jpg,46,
1051211.jpg,46,
1051212.jpg,46,
1051213.jpg,46,
1051214.jpg,46,
1051222.jpg,46,
1051231.jpg,46,
1051232.jpg,46,
1051233.jpg,46,
1051241.jpg,46,
1051242.jpg,46,
1051243.jpg,46,
1051251.jpg,46,
1051271.jpg,46,
1051272.jpg,46,
1051281.jpg,46,
1051282.jpg,46,
1051291.jpg,46,
1051292.jpg,46,
1051293.jpg,46,
1051301.jpg,46,
1051302.jpg,46,
1051303.jpg,46,
1051311.jpg,46,
1051312.jpg,46,
1051321.jpg,46,
1051322.jpg,46,
1051331.jpg,46,
1051341.jpg,46,
1051351.jpg,46,
1051361.jpg,46,
1051362.jpg,46,
1051391.jpg,46,
1051392.jpg,46,
1051401.jpg,46,
1051411.jpg,46,
1051412.jpg,46,
1051413.jpg,46,
1051421.jpg,46,
1051422.jpg,46,
1051431.jpg,46,
1051432.jpg,46,
1051441.jpg,46,
1051442.jpg,46,
1051451.jpg,46,
1051452.jpg,46,
1051453.jpg,46,
1051461.jpg,46,
1051462.jpg,46,
1051463.jpg,46,
1051464.jpg,46,
1051471.jpg,46,
1051472.jpg,46,
1051481.jpg,46,
1051491.jpg,46,
1051492.jpg,46,
1051502.jpg,46,
1051511.jpg,46,
1051512.jpg,46,
1051521.jpg,46,
1051522.jpg,46,
1051531.jpg,46,
1051532.jpg,46,
1051541.jpg,46,
1051551.jpg,46,
1051552.jpg,46,
1051561.jpg,46,
1051562.jpg,46,
1051563.jpg,46,
1051571.jpg,46,
1051572.jpg,46,
1051573.jpg,46,
1051581.jpg,46,
1051582.jpg,46,
1051583.jpg,46,
1051584.jpg,46,
1051592.jpg,46,
1051593.jpg,46,
1051594.jpg,46,
1051611.jpg,46,
1051612.jpg,46,
1051631.jpg,46,
1051632.jpg,46,
1051634.jpg,46,
1051641.jpg,46,
1051642.jpg,46,
1051643.jpg,46,
1051651.jpg,46,
1051652.jpg,46,
1051661.jpg,46,
1051662.jpg,46,
1051671.jpg,46,
1051672.jpg,46,
1051681.jpg,46,
1051691.jpg,46,
1051692.jpg,46,
1051721.jpg,46,
1051722.jpg,46,
1051731.jpg,46,
1051732.jpg,46,
1051751.jpg,46,
1051761.jpg,46,
1051762.jpg,46,
1051771.jpg,46,
1051772.jpg,46,
1051773.jpg,46,
1051781.jpg,46,
1051782.jpg,46,
1051791.jpg,46,
1051801.jpg,46,
1051802.jpg,46,
1051811.jpg,46,
1051821.jpg,46,
1051831.jpg,46,
1051832.jpg,46,
1051841.jpg,46,
1051842.jpg,46,
1051851.jpg,46,
1051861.jpg,46,
1051871.jpg,46,
1051872.jpg,46,
1051881.jpg,46,
1051882.jpg,46,
1051883.jpg,46,
1051891.jpg,46,
1051892.jpg,46,
1051901.jpg,46,
1051902.jpg,46,
1051903.jpg,46,
1051911.jpg,46,
1051912.jpg,46,
1051931.jpg,46,
1051932.jpg,46,
1051933.jpg,46,
1051941.jpg,46,
1051951.jpg,46,
1051952.jpg,46,
1051961.jpg,46,
1051962.jpg,46,
1051963.jpg,46,
1051971.jpg,46,
1051972.jpg,46,
1051981.jpg,46,
1051982.jpg,46,
1051983.jpg,46,
1051991.jpg,46,
1051992.jpg,46,
1052001.jpg,46,
1052002.jpg,46,
1052011.jpg,46,
1052012.jpg,46,
1052013.jpg,46,
1052021.jpg,46,
1052023.jpg,46,
1052031.jpg,46,
1052032.jpg,46,
1052041.jpg,46,
1052042.jpg,46,
1052051.jpg,46,
1052052.jpg,46,
1052053.jpg,46,
1052054.jpg,46,
1052061.jpg,46,
1052062.jpg,46,
1052063.jpg,46,
1052071.jpg,46,
1052081.jpg,46,
1052082.jpg,46,
1052091.jpg,46,
1052223.jpg,46,
1052224.jpg,46,
1052232.jpg,46,
1052261.jpg,46,
1052263.jpg,46,
1052264.jpg,46,
1052272.jpg,46,
1052301.jpg,46,
1052373.jpg,46,
1052481.jpg,46,
1052784.jpg,46,
1052802.jpg,46,
1052803.jpg,46,
1052811.jpg,46,
1052812.jpg,46,
1052813.jpg,46,
1052823.jpg,46,
1052824.jpg,46,
1052921.jpg,46,
1053003.jpg,46,
1053042.jpg,46,
1053051.jpg,46,
1053052.jpg,46,
1053053.jpg,46,
1053081.jpg,46,
1053082.jpg,46,
1053093.jpg,46,
1053111.jpg,46,
1053112.jpg,46,
1053131.jpg,46,
1053141.jpg,46,
1053142.jpg,46,
1053161.jpg,46,
1053162.jpg,46,
1053171.jpg,46,
1053181.jpg,46,
1053182.jpg,46,
1053184.jpg,46,
1053251.jpg,46,
1053334.jpg,46,
1053342.jpg,46,
1053344.jpg,46,
1053603.jpg,46,
1053634.jpg,46,
1053711.jpg,46,
1053712.jpg,46,
1053742.jpg,46,
1053861.jpg,46,
1053871.jpg,46,
1053882.jpg,46,
1053904.jpg,46,
1054011.jpg,46,
1054521.jpg,46,
1054522.jpg,46,
1054651.jpg,46,
1054691.jpg,46,
1054692.jpg,46,
1054732.jpg,46,
1054752.jpg,46,
1054753.jpg,46,
1055042.jpg,46,
1055113.jpg,46,
1055132.jpg,46,
1055173.jpg,46,
1055301.jpg,46,
1055682.jpg,46,
1055814.jpg,46,
1055823.jpg,46,
1055824.jpg,46,
1055832.jpg,46,
1055873.jpg,46,
1052212.jpg,46,
1052213.jpg,46,
1052221.jpg,46,
1052222.jpg,46,
1052231.jpg,46,
1052241.jpg,46,
1052242.jpg,46,
1052243.jpg,46,
1052244.jpg,46,
1052251.jpg,46,
1052262.jpg,46,
1052271.jpg,46,
1052273.jpg,46,
1052281.jpg,46,
1052282.jpg,46,
1052311.jpg,46,
1052312.jpg,46,
1052321.jpg,46,
1052331.jpg,46,
1052341.jpg,46,
1052342.jpg,46,
1052351.jpg,46,
1052352.jpg,46,
1052361.jpg,46,
1052362.jpg,46,
1052363.jpg,46,
1052371.jpg,46,
1052372.jpg,46,
1052374.jpg,46,
1052381.jpg,46,
1052382.jpg,46,
1052383.jpg,46,
1052391.jpg,46,
1052392.jpg,46,
1052401.jpg,46,
1052402.jpg,46,
1052403.jpg,46,
1052412.jpg,46,
1052431.jpg,46,
1052441.jpg,46,
1052451.jpg,46,
1052461.jpg,46,
1052462.jpg,46,
1052463.jpg,46,
1052471.jpg,46,
1052472.jpg,46,
1052482.jpg,46,
1052483.jpg,46,
1052484.jpg,46,
1052491.jpg,46,
1052492.jpg,46,
1052493.jpg,46,
1052494.jpg,46,
1052501.jpg,46,
1052511.jpg,46,
1052512.jpg,46,
1052531.jpg,46,
1052532.jpg,46,
1052533.jpg,46,
1052534.jpg,46,
1052535.jpg,46,
1052541.jpg,46,
1052542.jpg,46,
1052551.jpg,46,
1052561.jpg,46,
1052571.jpg,46,
1052573.jpg,46,
1052581.jpg,46,
1052582.jpg,46,
1052583.jpg,46,
1052584.jpg,46,
1052591.jpg,46,
1052601.jpg,46,
1052611.jpg,46,
1052612.jpg,46,
1052613.jpg,46,
1052621.jpg,46,
1052622.jpg,46,
1052631.jpg,46,
1052632.jpg,46,
1052641.jpg,46,
1052642.jpg,46,
1052651.jpg,46,
1052661.jpg,46,
1052662.jpg,46,
1052663.jpg,46,
1052671.jpg,46,
1052672.jpg,46,
1052673.jpg,46,
1052674.jpg,46,
1052682.jpg,46,
1052691.jpg,46,
1052692.jpg,46,
1052693.jpg,46,
1052701.jpg,46,
1052702.jpg,46,
1052703.jpg,46,
1052711.jpg,46,
1052712.jpg,46,
1052713.jpg,46,
1052714.jpg,46,
1052722.jpg,46,
1052731.jpg,46,
1052732.jpg,46,
1052733.jpg,46,
1052741.jpg,46,
1052742.jpg,46,
1052743.jpg,46,
1052744.jpg,46,
1052751.jpg,46,
1052761.jpg,46,
1052762.jpg,46,
1052771.jpg,46,
1052781.jpg,46,
1052782.jpg,46,
1052783.jpg,46,
1052791.jpg,46,
1052792.jpg,46,
1052801.jpg,46,
1052814.jpg,46,
1052822.jpg,46,
1052825.jpg,46,
1052831.jpg,46,
1052832.jpg,46,
1052841.jpg,46,
1052842.jpg,46,
1052851.jpg,46,
1052852.jpg,46,
1052861.jpg,46,
1052871.jpg,46,
1052872.jpg,46,
1052881.jpg,46,
1052882.jpg,46,
1052891.jpg,46,
1052892.jpg,46,
1052901.jpg,46,
1052902.jpg,46,
1052911.jpg,46,
1052912.jpg,46,
1052913.jpg,46,
1052922.jpg,46,
1052932.jpg,46,
1052941.jpg,46,
1052942.jpg,46,
1052951.jpg,46,
1052952.jpg,46,
1052953.jpg,46,
1052954.jpg,46,
1052961.jpg,46,
1052962.jpg,46,
1052971.jpg,46,
1052981.jpg,46,
1052982.jpg,46,
1052983.jpg,46,
1052991.jpg,46,
1052993.jpg,46,
1052994.jpg,46,
1053001.jpg,46,
1053002.jpg,46,
1053011.jpg,46,
1053021.jpg,46,
1053022.jpg,46,
1053023.jpg,46,
1053031.jpg,46,
1053032.jpg,46,
1053041.jpg,46,
1053043.jpg,46,
1053054.jpg,46,
1053062.jpg,46,
1053071.jpg,46,
1053091.jpg,46,
1053092.jpg,46,
1053101.jpg,46,
1053102.jpg,46,
1053113.jpg,46,
1053114.jpg,46,
1053121.jpg,46,
1053122.jpg,46,
1053123.jpg,46,
1053124.jpg,46,
1053151.jpg,46,
1053152.jpg,46,
1053153.jpg,46,
1053163.jpg,46,
1053164.jpg,46,
1053183.jpg,46,
1053191.jpg,46,
1053192.jpg,46,
1053201.jpg,46,
1053202.jpg,46,
1053211.jpg,46,
1053212.jpg,46,
1053213.jpg,46,
1053221.jpg,46,
1053222.jpg,46,
1053223.jpg,46,
1053224.jpg,46,
1053231.jpg,46,
1053232.jpg,46,
1053233.jpg,46,
1053241.jpg,46,
1053242.jpg,46,
1053252.jpg,46,
1053261.jpg,46,
1053262.jpg,46,
1053263.jpg,46,
1053282.jpg,46,
1053291.jpg,46,
1053292.jpg,46,
1053301.jpg,46,
1053302.jpg,46,
1053303.jpg,46,
1053304.jpg,46,
1053311.jpg,46,
1053312.jpg,46,
1053321.jpg,46,
1053322.jpg,46,
1053323.jpg,46,
1053324.jpg,46,
1053331.jpg,46,
1053332.jpg,46,
1053333.jpg,46,
1053335.jpg,46,
1053341.jpg,46,
1053343.jpg,46,
1053351.jpg,46,
1053352.jpg,46,
1053354.jpg,46,
1053361.jpg,46,
1053362.jpg,46,
1053363.jpg,46,
1053371.jpg,46,
1053372.jpg,46,
1053373.jpg,46,
1053381.jpg,46,
1053382.jpg,46,
1053383.jpg,46,
1053391.jpg,46,
1053392.jpg,46,
1053393.jpg,46,
1053401.jpg,46,
1053402.jpg,46,
1053411.jpg,46,
1053412.jpg,46,
1053421.jpg,46,
1053422.jpg,46,
1053431.jpg,46,
1053432.jpg,46,
1053433.jpg,46,
1053434.jpg,46,
1053441.jpg,46,
1053442.jpg,46,
1053443.jpg,46,
1053451.jpg,46,
1053452.jpg,46,
1053453.jpg,46,
1053461.jpg,46,
1053462.jpg,46,
1053471.jpg,46,
1053473.jpg,46,
1053474.jpg,46,
1053481.jpg,46,
1053482.jpg,46,
1053483.jpg,46,
1053484.jpg,46,
1053485.jpg,46,
1053491.jpg,46,
1053492.jpg,46,
1053493.jpg,46,
1053501.jpg,46,
1053502.jpg,46,
1053511.jpg,46,
1053512.jpg,46,
1053513.jpg,46,
1053514.jpg,46,
1053521.jpg,46,
1053522.jpg,46,
1053523.jpg,46,
1053531.jpg,46,
1053532.jpg,46,
1053541.jpg,46,
1053542.jpg,46,
1053543.jpg,46,
1053544.jpg,46,
1053551.jpg,46,
1053552.jpg,46,
1053553.jpg,46,
1053561.jpg,46,
1053562.jpg,46,
1053563.jpg,46,
1053571.jpg,46,
1053572.jpg,46,
1053581.jpg,46,
1053582.jpg,46,
1053591.jpg,46,
1053592.jpg,46,
1053593.jpg,46,
1053594.jpg,46,
1053602.jpg,46,
1053611.jpg,46,
1053612.jpg,46,
1053613.jpg,46,
1053621.jpg,46,
1053622.jpg,46,
1053631.jpg,46,
1053632.jpg,46,
1053633.jpg,46,
1053641.jpg,46,
1053642.jpg,46,
1053651.jpg,46,
1053652.jpg,46,
1053661.jpg,46,
1053662.jpg,46,
1053663.jpg,46,
1053671.jpg,46,
1053681.jpg,46,
1053682.jpg,46,
1053683.jpg,46,
1053691.jpg,46,
1053692.jpg,46,
1053693.jpg,46,
1053701.jpg,46,
1053702.jpg,46,
1053703.jpg,46,
1053713.jpg,46,
1053714.jpg,46,
1053732.jpg,46,
1053733.jpg,46,
1053734.jpg,46,
1053741.jpg,46,
1053751.jpg,46,
1053752.jpg,46,
1053753.jpg,46,
1053761.jpg,46,
1053762.jpg,46,
1053763.jpg,46,
1053764.jpg,46,
1053771.jpg,46,
1053772.jpg,46,
1053781.jpg,46,
1053782.jpg,46,
1053783.jpg,46,
1053791.jpg,46,
1053801.jpg,46,
1053811.jpg,46,
1053821.jpg,46,
1053822.jpg,46,
1053831.jpg,46,
1053832.jpg,46,
1053833.jpg,46,
1053834.jpg,46,
1053841.jpg,46,
1053842.jpg,46,
1053843.jpg,46,
1053851.jpg,46,
1053862.jpg,46,
1053872.jpg,46,
1053881.jpg,46,
1053883.jpg,46,
1053884.jpg,46,
1053891.jpg,46,
1053892.jpg,46,
1053893.jpg,46,
1053894.jpg,46,
1053901.jpg,46,
1053902.jpg,46,
1053903.jpg,46,
1053911.jpg,46,
1053912.jpg,46,
1053921.jpg,46,
1053922.jpg,46,
1053931.jpg,46,
1053941.jpg,46,
1053942.jpg,46,
1053943.jpg,46,
1053951.jpg,46,
1053952.jpg,46,
1053953.jpg,46,
1053971.jpg,46,
1053972.jpg,46,
1053981.jpg,46,
1053991.jpg,46,
1053992.jpg,46,
1054001.jpg,46,
1054021.jpg,46,
1054022.jpg,46,
1054031.jpg,46,
1054032.jpg,46,
1054033.jpg,46,
1054041.jpg,46,
1054042.jpg,46,
1054043.jpg,46,
1054044.jpg,46,
1054053.jpg,46,
1054061.jpg,46,
1054062.jpg,46,
1054063.jpg,46,
1054064.jpg,46,
1054081.jpg,46,
1054082.jpg,46,
1054083.jpg,46,
1054091.jpg,46,
1054092.jpg,46,
1054093.jpg,46,
1054101.jpg,46,
1054102.jpg,46,
1054103.jpg,46,
1054104.jpg,46,
1054111.jpg,46,
1054113.jpg,46,
1054121.jpg,46,
1054122.jpg,46,
1054123.jpg,46,
1054131.jpg,46,
1054132.jpg,46,
1054133.jpg,46,
1054134.jpg,46,
1054141.jpg,46,
1054142.jpg,46,
1054143.jpg,46,
1054151.jpg,46,
1054152.jpg,46,
1054153.jpg,46,
1054161.jpg,46,
1054162.jpg,46,
1054171.jpg,46,
1054172.jpg,46,
1054173.jpg,46,
1054181.jpg,46,
1054183.jpg,46,
1054191.jpg,46,
1054192.jpg,46,
1054193.jpg,46,
1054201.jpg,46,
1054211.jpg,46,
1054221.jpg,46,
1054222.jpg,46,
1054231.jpg,46,
1054232.jpg,46,
1054241.jpg,46,
1054242.jpg,46,
1054243.jpg,46,
1054251.jpg,46,
1054252.jpg,46,
1054253.jpg,46,
1054261.jpg,46,
1054271.jpg,46,
1054272.jpg,46,
1054273.jpg,46,
1054281.jpg,46,
1054282.jpg,46,
1054291.jpg,46,
1054292.jpg,46,
1054293.jpg,46,
1054302.jpg,46,
1054303.jpg,46,
1054311.jpg,46,
1054312.jpg,46,
1054313.jpg,46,
1054321.jpg,46,
1054322.jpg,46,
1054323.jpg,46,
1054324.jpg,46,
1054331.jpg,46,
1054332.jpg,46,
1054341.jpg,46,
1054342.jpg,46,
1054351.jpg,46,
1054361.jpg,46,
1054362.jpg,46,
1054363.jpg,46,
1054364.jpg,46,
1054371.jpg,46,
1054381.jpg,46,
1054391.jpg,46,
1054392.jpg,46,
1054401.jpg,46,
1054402.jpg,46,
1054411.jpg,46,
1054412.jpg,46,
1054421.jpg,46,
1054422.jpg,46,
1054423.jpg,46,
1054424.jpg,46,
1054432.jpg,46,
1054433.jpg,46,
1054441.jpg,46,
1054442.jpg,46,
1054443.jpg,46,
1054451.jpg,46,
1054452.jpg,46,
1054461.jpg,46,
1054462.jpg,46,
1054463.jpg,46,
1054464.jpg,46,
1054471.jpg,46,
1054472.jpg,46,
1054473.jpg,46,
1054481.jpg,46,
1054482.jpg,46,
1054483.jpg,46,
1054491.jpg,46,
1054492.jpg,46,
1054501.jpg,46,
1054502.jpg,46,
1054503.jpg,46,
1054532.jpg,46,
1054541.jpg,46,
1054542.jpg,46,
1054544.jpg,46,
1054551.jpg,46,
1054552.jpg,46,
1054553.jpg,46,
1054561.jpg,46,
1054562.jpg,46,
1054563.jpg,46,
1054571.jpg,46,
1054573.jpg,46,
1054574.jpg,46,
1054581.jpg,46,
1054582.jpg,46,
1054592.jpg,46,
1054593.jpg,46,
1054602.jpg,46,
1054603.jpg,46,
1054611.jpg,46,
1054612.jpg,46,
1054621.jpg,46,
1054622.jpg,46,
1054634.jpg,46,
1054652.jpg,46,
1054661.jpg,46,
1054662.jpg,46,
1054663.jpg,46,
1054671.jpg,46,
1054673.jpg,46,
1054681.jpg,46,
1054682.jpg,46,
1054693.jpg,46,
1054701.jpg,46,
1054702.jpg,46,
1054703.jpg,46,
1054711.jpg,46,
1054712.jpg,46,
1054713.jpg,46,
1054741.jpg,46,
1054742.jpg,46,
1054743.jpg,46,
1054744.jpg,46,
1054761.jpg,46,
1054762.jpg,46,
1054763.jpg,46,
1054764.jpg,46,
1054771.jpg,46,
1054772.jpg,46,
1054781.jpg,46,
1054782.jpg,46,
1054783.jpg,46,
1054791.jpg,46,
1054792.jpg,46,
1054793.jpg,46,
1054794.jpg,46,
1054801.jpg,46,
1054802.jpg,46,
1054811.jpg,46,
1054812.jpg,46,
1054821.jpg,46,
1054831.jpg,46,
1054832.jpg,46,
1054841.jpg,46,
1054842.jpg,46,
1054851.jpg,46,
1054852.jpg,46,
1054853.jpg,46,
1054854.jpg,46,
1054855.jpg,46,
1054861.jpg,46,
1054862.jpg,46,
1054863.jpg,46,
1054881.jpg,46,
1054882.jpg,46,
1054883.jpg,46,
1054891.jpg,46,
1054892.jpg,46,
1054901.jpg,46,
1054903.jpg,46,
1054904.jpg,46,
1054911.jpg,46,
1054912.jpg,46,
1054913.jpg,46,
1054914.jpg,46,
1054915.jpg,46,
1054921.jpg,46,
1054922.jpg,46,
1054931.jpg,46,
1054932.jpg,46,
1054934.jpg,46,
1054941.jpg,46,
1054942.jpg,46,
1054943.jpg,46,
1054944.jpg,46,
1054951.jpg,46,
1054952.jpg,46,
1054953.jpg,46,
1054961.jpg,46,
1054971.jpg,46,
1054972.jpg,46,
1054973.jpg,46,
1054981.jpg,46,
1054983.jpg,46,
1054991.jpg,46,
1054992.jpg,46,
1055001.jpg,46,
1055002.jpg,46,
1055003.jpg,46,
1055011.jpg,46,
1055012.jpg,46,
1055013.jpg,46,
1055021.jpg,46,
1055022.jpg,46,
1055023.jpg,46,
1055031.jpg,46,
1055041.jpg,46,
1055051.jpg,46,
1055052.jpg,46,
1055053.jpg,46,
1055061.jpg,46,
1055062.jpg,46,
1055063.jpg,46,
1055064.jpg,46,
1055071.jpg,46,
1055072.jpg,46,
1055073.jpg,46,
1055074.jpg,46,
1055081.jpg,46,
1055082.jpg,46,
1055083.jpg,46,
1055091.jpg,46,
1055101.jpg,46,
1055102.jpg,46,
1055111.jpg,46,
1055112.jpg,46,
1055114.jpg,46,
1055121.jpg,46,
1055131.jpg,46,
1055133.jpg,46,
1055141.jpg,46,
1055142.jpg,46,
1055143.jpg,46,
1055144.jpg,46,
1055151.jpg,46,
1055152.jpg,46,
1055153.jpg,46,
1055161.jpg,46,
1055162.jpg,46,
1055171.jpg,46,
1055172.jpg,46,
1055174.jpg,46,
1055182.jpg,46,
1055183.jpg,46,
1055193.jpg,46,
1055201.jpg,46,
1055202.jpg,46,
1055203.jpg,46,
1055211.jpg,46,
1055212.jpg,46,
1055221.jpg,46,
1055222.jpg,46,
1055231.jpg,46,
1055232.jpg,46,
1055234.jpg,46,
1055241.jpg,46,
1055252.jpg,46,
1055254.jpg,46,
1055255.jpg,46,
1055261.jpg,46,
1055271.jpg,46,
1055272.jpg,46,
1055273.jpg,46,
1055281.jpg,46,
1055282.jpg,46,
1055283.jpg,46,
1055291.jpg,46,
1055292.jpg,46,
1055302.jpg,46,
1055303.jpg,46,
1055311.jpg,46,
1055312.jpg,46,
1055313.jpg,46,
1055321.jpg,46,
1055322.jpg,46,
1055331.jpg,46,
1055353.jpg,46,
1055354.jpg,46,
1055361.jpg,46,
1055362.jpg,46,
1055371.jpg,46,
1055372.jpg,46,
1055373.jpg,46,
1055381.jpg,46,
1055382.jpg,46,
1055383.jpg,46,
1055391.jpg,46,
1055392.jpg,46,
1055393.jpg,46,
1055401.jpg,46,
1055411.jpg,46,
1055412.jpg,46,
1055413.jpg,46,
1055421.jpg,46,
1055431.jpg,46,
1055432.jpg,46,
1055433.jpg,46,
1055451.jpg,46,
1055452.jpg,46,
1055461.jpg,46,
1055462.jpg,46,
1055471.jpg,46,
1055472.jpg,46,
1055481.jpg,46,
1055482.jpg,46,
1055483.jpg,46,
1055491.jpg,46,
1055492.jpg,46,
1055493.jpg,46,
1055501.jpg,46,
1055502.jpg,46,
1055613.jpg,46,
1055614.jpg,46,
1055621.jpg,46,
1055623.jpg,46,
1055624.jpg,46,
1055625.jpg,46,
1055631.jpg,46,
1055632.jpg,46,
1055633.jpg,46,
1055634.jpg,46,
1055641.jpg,46,
1055642.jpg,46,
1055643.jpg,46,
1055644.jpg,46,
1055654.jpg,46,
1055661.jpg,46,
1055662.jpg,46,
1055663.jpg,46,
1055664.jpg,46,
1055671.jpg,46,
1055673.jpg,46,
1055674.jpg,46,
1055681.jpg,46,
1055683.jpg,46,
1055684.jpg,46,
1055691.jpg,46,
1055692.jpg,46,
1055693.jpg,46,
1055694.jpg,46,
1055701.jpg,46,
1055702.jpg,46,
1055703.jpg,46,
1055704.jpg,46,
1055705.jpg,46,
1055712.jpg,46,
1055713.jpg,46,
1055714.jpg,46,
1055721.jpg,46,
1055722.jpg,46,
1055723.jpg,46,
1055724.jpg,46,
1055731.jpg,46,
1055732.jpg,46,
1055733.jpg,46,
1055734.jpg,46,
1055741.jpg,46,
1055743.jpg,46,
1055744.jpg,46,
1055751.jpg,46,
1055752.jpg,46,
1055753.jpg,46,
1055754.jpg,46,
1055761.jpg,46,
1055762.jpg,46,
1055763.jpg,46,
1055764.jpg,46,
1055772.jpg,46,
1055773.jpg,46,
1055774.jpg,46,
1055781.jpg,46,
1055782.jpg,46,
1055783.jpg,46,
1055791.jpg,46,
1055792.jpg,46,
1055793.jpg,46,
1055794.jpg,46,
1055801.jpg,46,
1055802.jpg,46,
1055803.jpg,46,
1055805.jpg,46,
1055811.jpg,46,
1055812.jpg,46,
1055813.jpg,46,
1055821.jpg,46,
1055822.jpg,46,
1055831.jpg,46,
1055833.jpg,46,
1055834.jpg,46,
1055841.jpg,46,
1055842.jpg,46,
1055843.jpg,46,
1055844.jpg,46,
1055851.jpg,46,
1055852.jpg,46,
1055853.jpg,46,
1055854.jpg,46,
1055861.jpg,46,
1055862.jpg,46,
1055863.jpg,46,
1055864.jpg,46,
1055871.jpg,46,
1055874.jpg,46,
1055881.jpg,46,
1055883.jpg,46,
1055884.jpg,46,
1055891.jpg,46,
1055892.jpg,46,
1055893.jpg,46,
1055894.jpg,46,
1055895.jpg,46,
1055921.jpg,46,
1055922.jpg,46,
1055923.jpg,46,
1055924.jpg,46,
1055932.jpg,46,
1055933.jpg,46,
1055934.jpg,46,
1055941.jpg,46,
1055942.jpg,46,
1055943.jpg,46,
1055944.jpg,46,
1055951.jpg,46,
1055952.jpg,46,
1055953.jpg,46,
1055954.jpg,46,
1055961.jpg,46,
1055962.jpg,46,
1055963.jpg,46,
1055964.jpg,46,
1055971.jpg,46,
1055972.jpg,46,
1055973.jpg,46,
1055974.jpg,46,
1055981.jpg,46,
1055982.jpg,46,
1055983.jpg,46,
1055991.jpg,46,
1055992.jpg,46,
1055993.jpg,46,
1055994.jpg,46,
1056003.jpg,46,
1056011.jpg,46,
1056013.jpg,46,
1056021.jpg,46,
1056022.jpg,46,
1056023.jpg,46,
1056024.jpg,46,
1056031.jpg,46,
1056032.jpg,46,
1056033.jpg,46,
1056034.jpg,46,
1056035.jpg,46,
1056041.jpg,46,
1056042.jpg,46,
1056043.jpg,46,
1056044.jpg,46,
1056051.jpg,46,
1056052.jpg,46,
1056071.jpg,46,
1056072.jpg,46,
1056073.jpg,46,
1056074.jpg,46,
1056081.jpg,46,
1056082.jpg,46,
1056083.jpg,46,
1056084.jpg,46,
1056091.jpg,46,
1056092.jpg,46,
1056093.jpg,46,
1056094.jpg,46,
1056101.jpg,46,
1056102.jpg,46,
1056103.jpg,46,
1056104.jpg,46,
1056111.jpg,46,
1056112.jpg,46,
1056113.jpg,46,
1056114.jpg,46,
1056122.jpg,46,
1056123.jpg,46,
1056124.jpg,46,
1056131.jpg,46,
1056132.jpg,46,
1056133.jpg,46,
1056134.jpg,46,
1056141.jpg,46,
1056142.jpg,46,
1056143.jpg,46,
1056144.jpg,46,
1056152.jpg,46,
1056153.jpg,46,
1056154.jpg,46,
1056155.jpg,46,
1056161.jpg,46,
1056163.jpg,46,
1056164.jpg,46,
1056171.jpg,46,
1056172.jpg,46,
1056173.jpg,46,
1056181.jpg,46,
1056182.jpg,46,
1056183.jpg,46,
1056185.jpg,46,
1056191.jpg,46,
1056192.jpg,46,
1056193.jpg,46,
1056194.jpg,46,
1056201.jpg,46,
1056202.jpg,46,
1056204.jpg,46,
1056211.jpg,46,
1056212.jpg,46,
1056213.jpg,46,
1056214.jpg,46,
1056221.jpg,46,
1056222.jpg,46,
1056223.jpg,46,
1056224.jpg,46,
1056231.jpg,46,
1056232.jpg,46,
1056233.jpg,46,
1056234.jpg,46,
1056241.jpg,46,
1056243.jpg,46,
1056244.jpg,46,
1056251.jpg,46,
1056253.jpg,46,
1056254.jpg,46,
1056255.jpg,46,
1056256.jpg,46,
1056261.jpg,46,
1056262.jpg,46,
1056271.jpg,46,
1056272.jpg,46,
1056275.jpg,46,
1056281.jpg,46,
1056282.jpg,46,
1056283.jpg,46,
1056284.jpg,46,
1056291.jpg,46,
1056292.jpg,46,
1056293.jpg,46,
1056294.jpg,46,
1056301.jpg,46,
1056302.jpg,46,
1056303.jpg,46,
1056304.jpg,46,
1056311.jpg,46,
1056312.jpg,46,
1056313.jpg,46,
1056314.jpg,46,
1056321.jpg,46,
1056322.jpg,46,
1056323.jpg,46,
1056324.jpg,46,
1056331.jpg,46,
1056332.jpg,46,
1056333.jpg,46,
1056334.jpg,46,
1056341.jpg,46,
1056342.jpg,46,
1056343.jpg,46,
1056344.jpg,46,
1056351.jpg,46,
1056352.jpg,46,
1056353.jpg,46,
1056354.jpg,46,
1056361.jpg,46,
1056362.jpg,46,
1056363.jpg,46,
1056364.jpg,46,
1056373.jpg,46,
1056374.jpg,46,
1056381.jpg,46,
1056382.jpg,46,
1056383.jpg,46,
1056384.jpg,46,
1056391.jpg,46,
1056392.jpg,46,
1056393.jpg,46,
1056394.jpg,46,
1056401.jpg,46,
1056403.jpg,46,
1056404.jpg,46,
1056411.jpg,46,
1056412.jpg,46,
1056413.jpg,46,
1056414.jpg,46,
1056421.jpg,46,
1056422.jpg,46,
1056423.jpg,46,
1056424.jpg,46,
1056431.jpg,46,
1056432.jpg,46,
1056433.jpg,46,
1056434.jpg,46,
1056441.jpg,46,
1056442.jpg,46,
1056443.jpg,46,
1056444.jpg,46,
1056451.jpg,46,
1056452.jpg,46,
1056453.jpg,46,
1056454.jpg,46,
1056455.jpg,46,
1056462.jpg,46,
1056463.jpg,46,
1056464.jpg,46,
1056471.jpg,46,
1056472.jpg,46,
1056473.jpg,46,
1056474.jpg,46,
1056481.jpg,46,
1056482.jpg,46,
1056483.jpg,46,
1056484.jpg,46,
1056491.jpg,46,
1056492.jpg,46,
1056493.jpg,46,
1056494.jpg,46,
1056501.jpg,46,
1056502.jpg,46,
1056504.jpg,46,
1056511.jpg,46,
1056512.jpg,46,
1056513.jpg,46,
1056514.jpg,46,
1056521.jpg,46,
1056522.jpg,46,
1056523.jpg,46,
1056524.jpg,46,
1056531.jpg,46,
1056532.jpg,46,
1056533.jpg,46,
1056534.jpg,46,
1056541.jpg,46,
1056542.jpg,46,
1056543.jpg,46,
1056544.jpg,46,
1056551.jpg,46,
1056552.jpg,46,
1056553.jpg,46,
1056554.jpg,46,
1056561.jpg,46,
1056562.jpg,46,
1056563.jpg,46,
1056571.jpg,46,
1056572.jpg,46,
1056573.jpg,46,
1056574.jpg,46,
1056581.jpg,46,
1056582.jpg,46,
1056583.jpg,46,
1056584.jpg,46,
1056585.jpg,46,
1056591.jpg,46,
1056592.jpg,46,
1056593.jpg,46,
1056594.jpg,46,
1056601.jpg,46,
1056602.jpg,46,
1056603.jpg,46,
1056604.jpg,46,
1056611.jpg,46,
1056612.jpg,46,
1056613.jpg,46,
1056614.jpg,46,
1056621.jpg,46,
1056622.jpg,46,
1056623.jpg,46,
1056624.jpg,46,
1056631.jpg,46,
1056632.jpg,46,
1056633.jpg,46,
1056634.jpg,46,
1056641.jpg,46,
1056642.jpg,46,
1056643.jpg,46,
1056644.jpg,46,
1056651.jpg,46,
1056652.jpg,46,
1056653.jpg,46,
1056654.jpg,46,
1056655.jpg,46,
1056671.jpg,46,
1056672.jpg,46,
1056673.jpg,46,
1056674.jpg,46,
1056675.jpg,46,
1056681.jpg,46,
1056682.jpg,46,
1056683.jpg,46,
1056684.jpg,46,
1056691.jpg,46,
1056692.jpg,46,
1056703.jpg,46,
1056704.jpg,46,
1056711.jpg,46,
1056712.jpg,46,
1056713.jpg,46,
1056714.jpg,46,
1056721.jpg,46,
1056722.jpg,46,
1056723.jpg,46,
1056724.jpg,46,
1056731.jpg,46,
1056732.jpg,46,
1056733.jpg,46,
1056734.jpg,46,
1056735.jpg,46,
1056736.jpg,46,
1056741.jpg,46,
1056742.jpg,46,
1056743.jpg,46,
1056744.jpg,46,
1056751.jpg,46,
1056752.jpg,46,
1056753.jpg,46,
1056754.jpg,46,
1056763.jpg,46,
1056764.jpg,46,
1056771.jpg,46,
1056772.jpg,46,
1056773.jpg,46,
1056774.jpg,46,
1056781.jpg,46,
1056782.jpg,46,
1056783.jpg,46,
1056784.jpg,46,
1056791.jpg,46,
1056792.jpg,46,
1056793.jpg,46,
1056794.jpg,46,
1056801.jpg,46,
1056802.jpg,46,
1056803.jpg,46,
1056804.jpg,46,
1056805.jpg,46,
1056811.jpg,46,
1056812.jpg,46,
1056813.jpg,46,
1056814.jpg,46,
1056815.jpg,46,
1056821.jpg,46,
1056822.jpg,46,
1056823.jpg,46,
1056824.jpg,46,
1056831.jpg,46,
1056832.jpg,46,
1056833.jpg,46,
1056834.jpg,46,
1056835.jpg,46,
1056841.jpg,46,
1056842.jpg,46,
1056843.jpg,46,
1056844.jpg,46,
1056851.jpg,46,
1056852.jpg,46,
1056853.jpg,46,
1056854.jpg,46,
1056861.jpg,46,
1056862.jpg,46,
1056863.jpg,46,
1056871.jpg,46,
1056872.jpg,46,
1056873.jpg,46,
1056874.jpg,46,
1056881.jpg,46,
1056882.jpg,46,
1056884.jpg,46,
1056891.jpg,46,
1056892.jpg,46,
1056893.jpg,46,
1056901.jpg,46,
1056903.jpg,46,
1056904.jpg,46,
1056911.jpg,46,
1056912.jpg,46,
1056913.jpg,46,
1056921.jpg,46,
1056922.jpg,46,
1056923.jpg,46,
1056924.jpg,46,
1056931.jpg,46,
1056932.jpg,46,
1056933.jpg,46,
1056934.jpg,46,
1056935.jpg,46,
1056936.jpg,46,
1056941.jpg,46,
1056942.jpg,46,
1056943.jpg,46,
1056944.jpg,46,
1056945.jpg,46,
1056951.jpg,46,
1056961.jpg,46,
1056962.jpg,46,
1056963.jpg,46,
1056964.jpg,46,
1056971.jpg,46,
1056972.jpg,46,
1056973.jpg,46,
1056974.jpg,46,
1056981.jpg,46,
1056982.jpg,46,
1056983.jpg,46,
1056984.jpg,46,
1057001.jpg,46,
1057002.jpg,46,
1057004.jpg,46,
1057005.jpg,46,
1057011.jpg,46,
1057012.jpg,46,
1057013.jpg,46,
1057014.jpg,46,
1057021.jpg,46,
1057022.jpg,46,
1057023.jpg,46,
1057024.jpg,46,
1057031.jpg,46,
1057033.jpg,46,
1057041.jpg,46,
1057042.jpg,46,
1057043.jpg,46,
1057044.jpg,46,
1057051.jpg,46,
1057052.jpg,46,
1057061.jpg,46,
1057062.jpg,46,
1057063.jpg,46,
1057064.jpg,46,
1057071.jpg,46,
1057072.jpg,46,
1057073.jpg,46,
1057074.jpg,46,
1057082.jpg,46,
1057083.jpg,46,
1057084.jpg,46,
1057091.jpg,46,
1057092.jpg,46,
1057093.jpg,46,
1057101.jpg,46,
1057102.jpg,46,
1057103.jpg,46,
1057104.jpg,46,
1057111.jpg,46,
1057112.jpg,46,
1057113.jpg,46,
1057114.jpg,46,
1057115.jpg,46,
1057121.jpg,46,
1057122.jpg,46,
1057123.jpg,46,
1057124.jpg,46,
1057131.jpg,46,
1057132.jpg,46,
1057133.jpg,46,
1057134.jpg,46,
1057141.jpg,46,
1057142.jpg,46,
1057143.jpg,46,
1057144.jpg,46,
1057151.jpg,46,
1057153.jpg,46,
1057154.jpg,46,
1057161.jpg,46,
1057162.jpg,46,
1057163.jpg,46,
1057164.jpg,46,
1057165.jpg,46,
1057166.jpg,46,
1057171.jpg,46,
1057172.jpg,46,
1057173.jpg,46,
1057174.jpg,46,
1057181.jpg,46,
1057184.jpg,46,
1057191.jpg,46,
1057192.jpg,46,
1057193.jpg,46,
1057194.jpg,46,
1057201.jpg,46,
1057202.jpg,46,
1057203.jpg,46,
1057204.jpg,46,
1057211.jpg,46,
1057212.jpg,46,
1057213.jpg,46,
1057221.jpg,46,
1057222.jpg,46,
1057223.jpg,46,
1057224.jpg,46,
1057231.jpg,46,
1057232.jpg,46,
1057233.jpg,46,
1057234.jpg,46,
1057241.jpg,46,
1057242.jpg,46,
1057243.jpg,46,
1057244.jpg,46,
1057251.jpg,46,
1057252.jpg,46,
1057253.jpg,46,
1057254.jpg,46,
1057255.jpg,46,
1057262.jpg,46,
1057263.jpg,46,
1057271.jpg,46,
1057272.jpg,46,
1057274.jpg,46,
1057281.jpg,46,
1057282.jpg,46,
1057283.jpg,46,
1057284.jpg,46,
1057291.jpg,46,
1057292.jpg,46,
1057293.jpg,46,
1057294.jpg,46,
1057311.jpg,46,
1057312.jpg,46,
1057313.jpg,46,
1057314.jpg,46,
1057321.jpg,46,
1057322.jpg,46,
1057323.jpg,46,
1057324.jpg,46,
1057331.jpg,46,
1057332.jpg,46,
1057333.jpg,46,
1057341.jpg,46,
1057342.jpg,46,
1057343.jpg,46,
1057344.jpg,46,
1057351.jpg,46,
1057352.jpg,46,
1057353.jpg,46,
1057354.jpg,46,
1057361.jpg,46,
1057362.jpg,46,
1057363.jpg,46,
1057371.jpg,46,
1057372.jpg,46,
1057373.jpg,46,
1057374.jpg,46,
1057381.jpg,46,
1057382.jpg,46,
1057383.jpg,46,
1057384.jpg,46,
1057391.jpg,46,
1057392.jpg,46,
1057393.jpg,46,
1057394.jpg,46,
1057402.jpg,46,
1057403.jpg,46,
1057404.jpg,46,
1057411.jpg,46,
1057412.jpg,46,
1057413.jpg,46,
1057414.jpg,46,
1057421.jpg,46,
1057422.jpg,46,
1057423.jpg,46,
1057424.jpg,46,
1057431.jpg,46,
1057432.jpg,46,
1057433.jpg,46,
1057434.jpg,46,
1057441.jpg,46,
1057442.jpg,46,
1057443.jpg,46,
1057444.jpg,46,
1057451.jpg,46,
1057452.jpg,46,
1057453.jpg,46,
1057454.jpg,46,
1057462.jpg,46,
1057463.jpg,46,
1057464.jpg,46,
1057471.jpg,46,
1057472.jpg,46,
1057473.jpg,46,
1057474.jpg,46,
1057481.jpg,46,
1057482.jpg,46,
1057483.jpg,46,
1057484.jpg,46,
1057491.jpg,46,
1057492.jpg,46,
1057493.jpg,46,
1057495.jpg,46,
1057501.jpg,46,
1057502.jpg,46,
1057503.jpg,46,
1057504.jpg,46,
1057505.jpg,46,
1057511.jpg,46,
1057512.jpg,46,
1057513.jpg,46,
1057514.jpg,46,
1057515.jpg,46,
1057521.jpg,46,
1057522.jpg,46,
1057523.jpg,46,
1057524.jpg,46,
1057525.jpg,46,
1057531.jpg,46,
1057532.jpg,46,
1057533.jpg,46,
1057534.jpg,46,
1057541.jpg,46,
1057542.jpg,46,
1057543.jpg,46,
1057544.jpg,46,
1057553.jpg,46,
1057561.jpg,46,
1057562.jpg,46,
1057563.jpg,46,
1057564.jpg,46,
1057571.jpg,46,
1057572.jpg,46,
1057573.jpg,46,
1057574.jpg,46,
1057581.jpg,46,
1057582.jpg,46,
1057583.jpg,46,
1057584.jpg,46,
1057591.jpg,46,
1057592.jpg,46,
1057593.jpg,46,
1057594.jpg,46,
1057601.jpg,46,
1057603.jpg,46,
1057604.jpg,46,
1057605.jpg,46,
1057611.jpg,46,
1057613.jpg,46,
1057614.jpg,46,
1057615.jpg,46,
1057621.jpg,46,
1057622.jpg,46,
1057623.jpg,46,
1057624.jpg,46,
1057631.jpg,46,
1057632.jpg,46,
1057633.jpg,46,
1057634.jpg,46,
1057641.jpg,46,
1057642.jpg,46,
1057643.jpg,46,
1057644.jpg,46,
1057651.jpg,46,
1057652.jpg,46,
1057653.jpg,46,
1057654.jpg,46,
1057662.jpg,46,
1057664.jpg,46,
1057671.jpg,46,
1057672.jpg,46,
1057673.jpg,46,
1057674.jpg,46,
1057681.jpg,46,
1057682.jpg,46,
1057683.jpg,46,
1057684.jpg,46,
1057691.jpg,46,
1057692.jpg,46,
1057693.jpg,46,
1057694.jpg,46,
1057701.jpg,46,
1057702.jpg,46,
1057704.jpg,46,
1057711.jpg,46,
1057713.jpg,46,
1057714.jpg,46,
1057721.jpg,46,
1057722.jpg,46,
1057723.jpg,46,
1057724.jpg,46,
1057731.jpg,46,
1057732.jpg,46,
1057734.jpg,46,
1057741.jpg,46,
1057742.jpg,46,
1057743.jpg,46,
1057744.jpg,46,
1057751.jpg,46,
1057752.jpg,46,
1057753.jpg,46,
1057755.jpg,46,
1057761.jpg,46,
1057762.jpg,46,
1057763.jpg,46,
1057765.jpg,46,
1057771.jpg,46,
1057773.jpg,46,
1057774.jpg,46,
1057781.jpg,46,
1057782.jpg,46,
1057783.jpg,46,
1057784.jpg,46,
1057791.jpg,46,
1057792.jpg,46,
1057794.jpg,46,
1057795.jpg,46,
1057801.jpg,46,
1057804.jpg,46,
1057811.jpg,46,
1057812.jpg,46,
1057813.jpg,46,
1057814.jpg,46,
1057821.jpg,46,
1057822.jpg,46,
1057823.jpg,46,
1057824.jpg,46,
1057831.jpg,46,
1057832.jpg,46,
1057833.jpg,46,
1057834.jpg,46,
1057842.jpg,46,
1057843.jpg,46,
1057844.jpg,46,
1057851.jpg,46,
1057852.jpg,46,
1057853.jpg,46,
1057854.jpg,46,
1057855.jpg,46,
1057861.jpg,46,
1057862.jpg,46,
1057863.jpg,46,
1057864.jpg,46,
1057871.jpg,46,
1057872.jpg,46,
1057873.jpg,46,
1057874.jpg,46,
1057881.jpg,46,
1057883.jpg,46,
1057884.jpg,46,
1057891.jpg,46,
1057892.jpg,46,
1057893.jpg,46,
1057894.jpg,46,
1057901.jpg,46,
1057902.jpg,46,
1057903.jpg,46,
1057904.jpg,46,
1057905.jpg,46,
1057911.jpg,46,
1057912.jpg,46,
1057913.jpg,46,
1057914.jpg,46,
1057915.jpg,46,
1057921.jpg,46,
1057922.jpg,46,
1057923.jpg,46,
1057924.jpg,46,
1057931.jpg,46,
1057932.jpg,46,
1057933.jpg,46,
1057934.jpg,46,
1057942.jpg,46,
1057943.jpg,46,
1057944.jpg,46,
1057951.jpg,46,
1057952.jpg,46,
1057953.jpg,46,
1057954.jpg,46,
1057961.jpg,46,
1057962.jpg,46,
1057963.jpg,46,
1057964.jpg,46,
1057971.jpg,46,
1057972.jpg,46,
1057973.jpg,46,
1057981.jpg,46,
1057982.jpg,46,
1057984.jpg,46,
1057991.jpg,46,
1057992.jpg,46,
1057994.jpg,46,
1058001.jpg,46,
1058002.jpg,46,
1058004.jpg,46,
1058011.jpg,46,
1058012.jpg,46,
1058013.jpg,46,
1058014.jpg,46,
1058021.jpg,46,
1058022.jpg,46,
1058023.jpg,46,
1058024.jpg,46,
1058031.jpg,46,
1058032.jpg,46,
1058033.jpg,46,
1058034.jpg,46,
1058042.jpg,46,
1058043.jpg,46,
1058051.jpg,46,
1058052.jpg,46,
1058053.jpg,46,
1058054.jpg,46,
1058055.jpg,46,
1058061.jpg,46,
1058062.jpg,46,
1058063.jpg,46,
1058064.jpg,46,
1058065.jpg,46,
1058071.jpg,46,
1058072.jpg,46,
1058073.jpg,46,
1058074.jpg,46,
1058081.jpg,46,
1058082.jpg,46,
1058083.jpg,46,
1058084.jpg,46,
1058091.jpg,46,
1058093.jpg,46,
1058101.jpg,46,
1058102.jpg,46,
1058103.jpg,46,
1058104.jpg,46,
1058111.jpg,46,
1058112.jpg,46,
1058113.jpg,46,
1058114.jpg,46,
1058123.jpg,46,
1058124.jpg,46,
1058131.jpg,46,
1058132.jpg,46,
1058133.jpg,46,
1058134.jpg,46,
1058142.jpg,46,
1058143.jpg,46,
1058145.jpg,46,
1058151.jpg,46,
1058152.jpg,46,
1058153.jpg,46,
1058154.jpg,46,
1058162.jpg,46,
1058163.jpg,46,
1058164.jpg,46,
1058171.jpg,46,
1058173.jpg,46,
1058174.jpg,46,
1058181.jpg,46,
1058182.jpg,46,
1058183.jpg,46,
1058184.jpg,46,
1058186.jpg,46,
1058192.jpg,46,
1058193.jpg,46,
1058194.jpg,46,
1058195.jpg,46,
1058201.jpg,46,
1058202.jpg,46,
1058203.jpg,46,
1058204.jpg,46,
1060011.jpg,46,
1060012.jpg,46,
1060013.jpg,46,
1060014.jpg,46,
1060015.jpg,46,
1060021.jpg,46,
1060022.jpg,46,
1060023.jpg,46,
1060024.jpg,46,
1060031.jpg,46,
1060032.jpg,46,
1060033.jpg,46,
1060034.jpg,46,
1060041.jpg,46,
1060042.jpg,46,
1060043.jpg,46,
1060044.jpg,46,
1060045.jpg,46,
1060051.jpg,46,
1060052.jpg,46,
1060053.jpg,46,
1060054.jpg,46,
1060061.jpg,46,
1060062.jpg,46,
1060063.jpg,46,
1060064.jpg,46,
1060072.jpg,46,
1060073.jpg,46,
1060074.jpg,46,
1060081.jpg,46,
1060082.jpg,46,
1060083.jpg,46,
1060084.jpg,46,
1060091.jpg,46,
1060092.jpg,46,
1060093.jpg,46,
1060094.jpg,46,
1060101.jpg,46,
1060102.jpg,46,
1060103.jpg,46,
1060104.jpg,46,
1060111.jpg,46,
1060112.jpg,46,
1060113.jpg,46,
1060114.jpg,46,
1060121.jpg,46,
1060122.jpg,46,
1060131.jpg,46,
1060132.jpg,46,
1060142.jpg,46,
1060144.jpg,46,
1060151.jpg,46,
1060152.jpg,46,
1060161.jpg,46,
1060162.jpg,46,
1060163.jpg,46,
1060164.jpg,46,
1060172.jpg,46,
1060173.jpg,46,
1060181.jpg,46,
1060182.jpg,46,
1060191.jpg,46,
1060192.jpg,46,
1060193.jpg,46,
1060201.jpg,46,
1060202.jpg,46,
1060203.jpg,46,
1060211.jpg,46,
1060212.jpg,46,
1060213.jpg,46,
1060221.jpg,46,
1060222.jpg,46,
1060223.jpg,46,
1060231.jpg,46,
1060232.jpg,46,
1060241.jpg,46,
1060242.jpg,46,
1060251.jpg,46,
1060252.jpg,46,
1060261.jpg,46,
1060263.jpg,46,
1060271.jpg,46,
1060272.jpg,46,
1060281.jpg,46,
1060282.jpg,46,
1060291.jpg,46,
1060292.jpg,46,
1060293.jpg,46,
1060302.jpg,46,
1060311.jpg,46,
1060321.jpg,46,
1060322.jpg,46,
1060323.jpg,46,
1060331.jpg,46,
1060332.jpg,46,
1060333.jpg,46,
1060341.jpg,46,
1060343.jpg,46,
1060381.jpg,46,
1060382.jpg,46,
1060383.jpg,46,
1060391.jpg,46,
1060392.jpg,46,
1060401.jpg,46,
1060411.jpg,46,
1060412.jpg,46,
1060421.jpg,46,
1060422.jpg,46,
1060432.jpg,46,
1060441.jpg,46,
1060442.jpg,46,
1060451.jpg,46,
1060452.jpg,46,
1060461.jpg,46,
1060462.jpg,46,
1060463.jpg,46,
1060471.jpg,46,
1060472.jpg,46,
1060481.jpg,46,
1060482.jpg,46,
1060491.jpg,46,
1060501.jpg,46,
1060502.jpg,46,
1060511.jpg,46,
1060531.jpg,46,
1060532.jpg,46,
1060533.jpg,46,
1060541.jpg,46,
1060542.jpg,46,
1060551.jpg,46,
1060552.jpg,46,
1060553.jpg,46,
1060561.jpg,46,
1060562.jpg,46,
1060571.jpg,46,
1060572.jpg,46,
1060581.jpg,46,
1060591.jpg,46,
1060592.jpg,46,
1060593.jpg,46,
1060611.jpg,46,
1060612.jpg,46,
1060621.jpg,46,
1060631.jpg,46,
1060632.jpg,46,
1060633.jpg,46,
1060651.jpg,46,
1060661.jpg,46,
1060671.jpg,46,
1060681.jpg,46,
1060682.jpg,46,
1060691.jpg,46,
1060692.jpg,46,
1060693.jpg,46,
1060701.jpg,46,
1060711.jpg,46,
1060712.jpg,46,
1060713.jpg,46,
1060721.jpg,46,
1060731.jpg,46,
1060741.jpg,46,
1060742.jpg,46,
1060743.jpg,46,
1060752.jpg,46,
1060761.jpg,46,
1060772.jpg,46,
1060781.jpg,46,
1060791.jpg,46,
1060801.jpg,46,
1060802.jpg,46,
1060803.jpg,46,
1060831.jpg,46,
1060832.jpg,46,
1060833.jpg,46,
1060841.jpg,46,
1060851.jpg,46,
1060852.jpg,46,
1060862.jpg,46,
1060871.jpg,46,
1060881.jpg,46,
1060882.jpg,46,
1060892.jpg,46,
1060911.jpg,46,
1090901.jpg,46,
1090912.jpg,46,
unknow212.jpg,46,
unknow213.jpg,46,
unknow214.jpg,46,
unknow215.jpg,46,
unknow216.jpg,46,
unknow217.jpg,46,
1070011.jpg,46,
1070012.jpg,46,
1070013.jpg,46,
1070014.jpg,46,
1070021.jpg,46,
1070022.jpg,46,
1070023.jpg,46,
1070024.jpg,46,
1091001.jpg,46,
1091002.jpg,46,
1091003.jpg,46,
1091004.jpg,46,
1091012.jpg,46,
1091015.jpg,46,
1091021.jpg,46,
1091022.jpg,46,
1091023.jpg,46,
1091024.jpg,46,
1091031.jpg,46,
1091032.jpg,46,
1091033.jpg,46,
1091041.jpg,46,
1091042.jpg,46,
1091043.jpg,46,
1091051.jpg,46,
1091052.jpg,46,
1091053.jpg,46,
1091061.jpg,46,
1091062.jpg,46,
1091063.jpg,46,
1091064.jpg,46,
1091065.jpg,46,
1091071.jpg,46,
1091073.jpg,46,
1091074.jpg,46,
1091075.jpg,46,
1091081.jpg,46,
1091082.jpg,46,
1091084.jpg,46,
1091085.jpg,46,
1091091.jpg,46,
1091092.jpg,46,
1091093.jpg,46,
1091111.jpg,46,
1091112.jpg,46,
1091113.jpg,46,
1091131.jpg,46,
1091132.jpg,46,
1091133.jpg,46,
1091134.jpg,46,
1091141.jpg,46,
1091142.jpg,46,
1091143.jpg,46,
1091152.jpg,46,
1091153.jpg,46,
1091161.jpg,46,
1091162.jpg,46,
1091163.jpg,46,
1091164.jpg,46,
1091181.jpg,46,
1091182.jpg,46,
1091191.jpg,46,
1091192.jpg,46,
1091193.jpg,46,
1091194.jpg,46,
1091195.jpg,46,
1091196.jpg,46,
1091201.jpg,46,
1091202.jpg,46,
1091203.jpg,46,
1091211.jpg,46,
1091221.jpg,46,
1091222.jpg,46,
1091223.jpg,46,
1091224.jpg,46,
1091226.jpg,46,
1091232.jpg,46,
1091233.jpg,46,
1091234.jpg,46,
1091235.jpg,46,
1091241.jpg,46,
1091242.jpg,46,
1091251.jpg,46,
1091252.jpg,46,
1091253.jpg,46,
1091261.jpg,46,
1091262.jpg,46,
1091263.jpg,46,
1091264.jpg,46,
1091271.jpg,46,
1091272.jpg,46,
1091273.jpg,46,
1091274.jpg,46,
1091281.jpg,46,
1091282.jpg,46,
1091283.jpg,46,
1091284.jpg,46,
1091286.jpg,46,
1091291.jpg,46,
1091293.jpg,46,
1091296.jpg,46,
1091301.jpg,46,
1091302.jpg,46,
1091303.jpg,46,
1091304.jpg,46,
1091305.jpg,46,
1091311.jpg,46,
1091312.jpg,46,
1091313.jpg,46,
1091314.jpg,46,
1091315.jpg,46,
1091321.jpg,46,
1091322.jpg,46,
1091323.jpg,46,
1091324.jpg,46,
1091331.jpg,46,
1091332.jpg,46,
1091333.jpg,46,
1091334.jpg,46,
1091341.jpg,46,
1091342.jpg,46,
1091343.jpg,46,
1091347.jpg,46,
1091352.jpg,46,
1091353.jpg,46,
1091354.jpg,46,
1091355.jpg,46,
1091356.jpg,46,
1091361.jpg,46,
1091362.jpg,46,
1091363.jpg,46,
1091365.jpg,46,
1091367.jpg,46,
1091371.jpg,46,
1091372.jpg,46,
1091374.jpg,46,
1091375.jpg,46,
1091376.jpg,46,
1091377.jpg,46,
1091381.jpg,46,
1091382.jpg,46,
1091384.jpg,46,
1091391.jpg,46,
1091392.jpg,46,
1091393.jpg,46,
1091395.jpg,46,
1091401.jpg,46,
1091403.jpg,46,
1091412.jpg,46,
1091413.jpg,46,
1091414.jpg,46,
1091432.jpg,46,
1091433.jpg,46,
1091434.jpg,46,
1091435.jpg,46,
1091441.jpg,46,
1091442.jpg,46,
1091443.jpg,46,
1091444.jpg,46,
1091445.jpg,46,
1091451.jpg,46,
1091452.jpg,46,
1091453.jpg,46,
1091454.jpg,46,
1091461.jpg,46,
1091462.jpg,46,
1091464.jpg,46,
1091465.jpg,46,
1091471.jpg,46,
1091472.jpg,46,
1091473.jpg,46,
1091474.jpg,46,
1091481.jpg,46,
1091482.jpg,46,
1091483.jpg,46,
1091484.jpg,46,
1091491.jpg,46,
1091492.jpg,46,
1091493.jpg,46,
1091494.jpg,46,
1091501.jpg,46,
1091502.jpg,46,
1091503.jpg,46,
1091504.jpg,46,
1091511.jpg,46,
1091512.jpg,46,
1091513.jpg,46,
1091514.jpg,46,
1091523.jpg,46,
1091526.jpg,46,
1091527.jpg,46,
1091532.jpg,46,
1091533.jpg,46,
1091534.jpg,46,
1091535.jpg,46,
1091542.jpg,46,
1091543.jpg,46,
1091544.jpg,46,
1091545.jpg,46,
1091562.jpg,46,
1091563.jpg,46,
1091564.jpg,46,
1091572.jpg,46,
1091573.jpg,46,
1091574.jpg,46,
1091575.jpg,46,
1091581.jpg,46,
1091582.jpg,46,
1091583.jpg,46,
1091584.jpg,46,
1091585.jpg,46,
1091591.jpg,46,
1091601.jpg,46,
1091602.jpg,46,
1091603.jpg,46,
1091604.jpg,46,
1091611.jpg,46,
1091612.jpg,46,
1091613.jpg,46,
1091614.jpg,46,
1091615.jpg,46,
1091622.jpg,46,
1091631.jpg,46,
1091632.jpg,46,
1091633.jpg,46,
1091634.jpg,46,
1091641.jpg,46,
1091642.jpg,46,
1091643.jpg,46,
1091644.jpg,46,
1091651.jpg,46,
1091652.jpg,46,
1091653.jpg,46,
1091654.jpg,46,
1091655.jpg,46,
1091671.jpg,46,
1091672.jpg,46,
1091673.jpg,46,
1091674.jpg,46,
1091675.jpg,46,
1091681.jpg,46,
1091682.jpg,46,
1091683.jpg,46,
1091684.jpg,46,
1091691.jpg,46,
1091692.jpg,46,
1091701.jpg,46,
1091702.jpg,46,
1091711.jpg,46,
1091713.jpg,46,
1091715.jpg,46,
1091721.jpg,46,
1091722.jpg,46,
1091723.jpg,46,
1091724.jpg,46,
1091732.jpg,46,
1091733.jpg,46,
1091741.jpg,46,
1091742.jpg,46,
1091743.jpg,46,
1091744.jpg,46,
1091751.jpg,46,
1091752.jpg,46,
1091753.jpg,46,
1091754.jpg,46,
1091755.jpg,46,
1091756.jpg,46,
1100011.jpg,46,
1100012.jpg,46,
1100013.jpg,46,
1100014.jpg,46,
1100021.jpg,46,
1100022.jpg,46,
1100023.jpg,46,
1100031.jpg,46,
1100041.jpg,46,
1100042.jpg,46,
1100043.jpg,46,
1100044.jpg,46,
1100051.jpg,46,
1100052.jpg,46,
1100053.jpg,46,
1100054.jpg,46,
1100061.jpg,46,
1100062.jpg,46,
1100063.jpg,46,
1100071.jpg,46,
1100072.jpg,46,
1100073.jpg,46,
1100074.jpg,46,
1100081.jpg,46,
1100082.jpg,46,
1100091.jpg,46,
1100092.jpg,46,
1100093.jpg,46,
1100094.jpg,46,
1100101.jpg,46,
1100102.jpg,46,
1100103.jpg,46,
1100104.jpg,46,
1100111.jpg,46,
1100112.jpg,46,
1100113.jpg,46,
1100114.jpg,46,
1100121.jpg,46,
1100122.jpg,46,
1100123.jpg,46,
1100124.jpg,46,
1100131.jpg,46,
1100132.jpg,46,
1100133.jpg,46,
1100134.jpg,46,
1100141.jpg,46,
1100142.jpg,46,
1100143.jpg,46,
1100144.jpg,46,
1100151.jpg,46,
1100152.jpg,46,
1100153.jpg,46,
1100161.jpg,46,
1100162.jpg,46,
1100163.jpg,46,
1100164.jpg,46,
1100165.jpg,46,
1100166.jpg,46,
1100167.jpg,46,
1100168.jpg,46,
1100171.jpg,46,
1100174.jpg,46,
1100181.jpg,46,
1100182.jpg,46,
1100183.jpg,46,
1100184.jpg,46,
1100185.jpg,46,
1100191.jpg,46,
1100193.jpg,46,
1100194.jpg,46,
1100201.jpg,46,
1100202.jpg,46,
1100203.jpg,46,
1100211.jpg,46,
1100212.jpg,46,
1100213.jpg,46,
1100214.jpg,46,
1100221.jpg,46,
1100222.jpg,46,
1100223.jpg,46,
1100224.jpg,46,
1100231.jpg,46,
1100232.jpg,46,
1100241.jpg,46,
1100242.jpg,46,
1100243.jpg,46,
1100244.jpg,46,
1100251.jpg,46,
1100252.jpg,46,
1100253.jpg,46,
1100261.jpg,46,
1100262.jpg,46,
1100263.jpg,46,
1100264.jpg,46,
1100271.jpg,46,
1100273.jpg,46,
1100281.jpg,46,
1100282.jpg,46,
1100283.jpg,46,
1100284.jpg,46,
1100291.jpg,46,
1100292.jpg,46,
1100293.jpg,46,
1100294.jpg,46,
1100301.jpg,46,
1100302.jpg,46,
1100304.jpg,46,
1100311.jpg,46,
1100312.jpg,46,
1100313.jpg,46,
1100314.jpg,46,
1100321.jpg,46,
1100322.jpg,46,
1100323.jpg,46,
1100331.jpg,46,
1100332.jpg,46,
1100335.jpg,46,
1100336.jpg,46,
1100337.jpg,46,
1100338.jpg,46,
1100341.jpg,46,
1100342.jpg,46,
1100343.jpg,46,
1100353.jpg,46,
1100361.jpg,46,
1100362.jpg,46,
1100363.jpg,46,
1100364.jpg,46,
1100371.jpg,46,
1100373.jpg,46,
1100374.jpg,46,
1100381.jpg,46,
1100383.jpg,46,
1100384.jpg,46,
1100385.jpg,46,
1100386.jpg,46,
1100387.jpg,46,
1100391.jpg,46,
1100392.jpg,46,
1100393.jpg,46,
1100394.jpg,46,
1100395.jpg,46,
1100396.jpg,46,
1100397.jpg,46,
1100398.jpg,46,
1100401.jpg,46,
1100402.jpg,46,
1100412.jpg,46,
1100413.jpg,46,
1100414.jpg,46,
1100415.jpg,46,
1100421.jpg,46,
1100422.jpg,46,
1100423.jpg,46,
1100424.jpg,46,
1100431.jpg,46,
1100432.jpg,46,
1100433.jpg,46,
1100441.jpg,46,
1100442.jpg,46,
1100443.jpg,46,
1100451.jpg,46,
1100452.jpg,46,
1100453.jpg,46,
1100454.jpg,46,
1100455.jpg,46,
1100456.jpg,46,
1100461.jpg,46,
1100462.jpg,46,
1100463.jpg,46,
1100464.jpg,46,
1100471.jpg,46,
1100472.jpg,46,
1100473.jpg,46,
1100481.jpg,46,
1100482.jpg,46,
1100483.jpg,46,
1100491.jpg,46,
1100492.jpg,46,
1100493.jpg,46,
1100494.jpg,46,
1100501.jpg,46,
1100503.jpg,46,
1100504.jpg,46,
1100511.jpg,46,
1100512.jpg,46,
1100513.jpg,46,
1100521.jpg,46,
1100523.jpg,46,
1100525.jpg,46,
1100526.jpg,46,
1100531.jpg,46,
1100532.jpg,46,
1100533.jpg,46,
1100534.jpg,46,
1100541.jpg,46,
1100542.jpg,46,
1100543.jpg,46,
1100544.jpg,46,
1100551.jpg,46,
1100552.jpg,46,
1100553.jpg,46,
1100561.jpg,46,
1100562.jpg,46,
1100563.jpg,46,
1100564.jpg,46,
1100571.jpg,46,
1100572.jpg,46,
1100573.jpg,46,
1100574.jpg,46,
1100575.jpg,46,
1100581.jpg,46,
1100582.jpg,46,
1100583.jpg,46,
1100584.jpg,46,
1100591.jpg,46,
1100592.jpg,46,
1100601.jpg,46,
1100602.jpg,46,
1100603.jpg,46,
1100604.jpg,46,
1100611.jpg,46,
1100612.jpg,46,
1100614.jpg,46,
1100621.jpg,46,
1100622.jpg,46,
1100631.jpg,46,
1100632.jpg,46,
1100633.jpg,46,
1100634.jpg,46,
1100641.jpg,46,
1100642.jpg,46,
1100643.jpg,46,
1100644.jpg,46,
1100652.jpg,46,
1100653.jpg,46,
1100654.jpg,46,
1100661.jpg,46,
1100662.jpg,46,
1100664.jpg,46,
1100665.jpg,46,
1100671.jpg,46,
1100672.jpg,46,
1100673.jpg,46,
1100681.jpg,46,
1100682.jpg,46,
1100683.jpg,46,
1100684.jpg,46,
1100691.jpg,46,
1100693.jpg,46,
1100694.jpg,46,
1100701.jpg,46,
1100702.jpg,46,
1100703.jpg,46,
1100704.jpg,46,
1100711.jpg,46,
1100712.jpg,46,
1100713.jpg,46,
1100721.jpg,46,
1100723.jpg,46,
1100724.jpg,46,
1100731.jpg,46,
1100732.jpg,46,
1100733.jpg,46,
1100734.jpg,46,
1100741.jpg,46,
1100742.jpg,46,
1100743.jpg,46,
1100751.jpg,46,
1100752.jpg,46,
1100753.jpg,46,
1100754.jpg,46,
1100771.jpg,46,
1100772.jpg,46,
1100773.jpg,46,
1100774.jpg,46,
1100781.jpg,46,
1100782.jpg,46,
1100783.jpg,46,
1100784.jpg,46,
1100792.jpg,46,
1100793.jpg,46,
1100801.jpg,46,
1100802.jpg,46,
1100803.jpg,46,
1100804.jpg,46,
1100812.jpg,46,
1100813.jpg,46,
1100814.jpg,46,
1100821.jpg,46,
1100822.jpg,46,
1100823.jpg,46,
1100824.jpg,46,
1100831.jpg,46,
1100832.jpg,46,
1100851.jpg,46,
1100852.jpg,46,
1100853.jpg,46,
1100854.jpg,46,
1100855.jpg,46,
1100861.jpg,46,
1100862.jpg,46,
1100863.jpg,46,
1100864.jpg,46,
1100871.jpg,46,
1100872.jpg,46,
1100873.jpg,46,
1100874.jpg,46,
1100875.jpg,46,
1100876.jpg,46,
1100881.jpg,46,
1100882.jpg,46,
1100883.jpg,46,
1100891.jpg,46,
1100901.jpg,46,
1100902.jpg,46,
1100903.jpg,46,
1100911.jpg,46,
1100912.jpg,46,
1100913.jpg,46,
1100914.jpg,46,
1100921.jpg,46,
1100922.jpg,46,
1100923.jpg,46,
1100924.jpg,46,
1100925.jpg,46,
1100926.jpg,46,
1100927.jpg,46,
1100928.jpg,46,
1100929.jpg,46,
1050012.jpg,46,
1050013.jpg,46,
1050021.jpg,46,
1050022.jpg,46,
1050023.jpg,46,
1050024.jpg,46,
1050025.jpg,46,
1050031.jpg,46,
1050032.jpg,46,
1050033.jpg,46,
1050041.jpg,46,
1050042.jpg,46,
1050043.jpg,46,
1050044.jpg,46,
1050051.jpg,46,
1050052.jpg,46,
1050053.jpg,46,
1050054.jpg,46,
1050061.jpg,46,
1050062.jpg,46,
1050063.jpg,46,
1050064.jpg,46,
1050071.jpg,46,
1050072.jpg,46,
1050073.jpg,46,
1050074.jpg,46,
1050081.jpg,46,
1050082.jpg,46,
1050084.jpg,46,
1050091.jpg,46,
1050092.jpg,46,
1050093.jpg,46,
1050094.jpg,46,
1050101.jpg,46,
1050102.jpg,46,
1050103.jpg,46,
1050104.jpg,46,
1050111.jpg,46,
1050112.jpg,46,
1050113.jpg,46,
1050114.jpg,46,
1050121.jpg,46,
1050123.jpg,46,
1050131.jpg,46,
1050132.jpg,46,
1050133.jpg,46,
1050134.jpg,46,
1050141.jpg,46,
1050142.jpg,46,
1050143.jpg,46,
1050144.jpg,46,
1050151.jpg,46,
1050152.jpg,46,
1050153.jpg,46,
1050161.jpg,46,
1050162.jpg,46,
1050163.jpg,46,
1050164.jpg,46,
1050171.jpg,46,
1050172.jpg,46,
1050173.jpg,46,
1050174.jpg,46,
1050181.jpg,46,
1050182.jpg,46,
1050183.jpg,46,
1050184.jpg,46,
1050191.jpg,46,
1050192.jpg,46,
1050194.jpg,46,
1050195.jpg,46,
1050201.jpg,46,
1050202.jpg,46,
1050203.jpg,46,
1050211_1.jpg,46,
1050212_1.jpg,46,
1050213_1.jpg,46,
1050221_1.jpg,46,
1050223_1.jpg,46,
1050224_1.jpg,46,
1050225_1.jpg,46,
1050231_1.jpg,46,
1050232_1.jpg,46,
1050233_1.jpg,46,
1050234.jpg,46,
1050241_1.jpg,46,
1050242_1.jpg,46,
1050244_1.jpg,46,
1050245.jpg,46,
1050251_1.jpg,46,
1050252_1.jpg,46,
1050253_1.jpg,46,
1050254.jpg,46,
1050261_1.jpg,46,
1050262.jpg,46,
1050263.jpg,46,
1050264.jpg,46,
1050265.jpg,46,
1050271_1.jpg,46,
1050272_1.jpg,46,
1050276.jpg,46,
1050281_1.jpg,46,
1050282_1.jpg,46,
1050283.jpg,46,
1050291_1.jpg,46,
1050292_1.jpg,46,
1050294.jpg,46,
1050301_1.jpg,46,
1050302_1.jpg,46,
1050303_1.jpg,46,
1050311.jpg,46,
1050312_1.jpg,46,
1050313.jpg,46,
1050314.jpg,46,
1050321_1.jpg,46,
1050322_1.jpg,46,
1050323_1.jpg,46,
1050324_1.jpg,46,
1050332_1.jpg,46,
1050342_1.jpg,46,
1050343_1.jpg,46,
1050351_1.jpg,46,
1050352_1.jpg,46,
1050353.jpg,46,
1050362_1.jpg,46,
1050363_1.jpg,46,
1050364.jpg,46,
1080011.jpg,46,
1080012.jpg,46,
1080013.jpg,46,
1080014.jpg,46,
1080021.jpg,46,
1080023.jpg,46,
1080024.jpg,46,
1080025.jpg,46,
1080031.jpg,46,
1080032.jpg,46,
1080033.jpg,46,
1080034.jpg,46,
1080041.jpg,46,
1080045.jpg,46,
1080051.jpg,46,
1080052.jpg,46,
1080053.jpg,46,
1080061.jpg,46,
1080062.jpg,46,
1080063.jpg,46,
1080071.jpg,46,
1080072.jpg,46,
1080073.jpg,46,
1080074.jpg,46,
1080075.jpg,46,
1080076.jpg,46,
1080077.jpg,46,
1080078.jpg,46,
1100931.jpg,46,
1100932.jpg,46,
1100933.jpg,46,
1100934.jpg,46,
1100941.jpg,46,
1100942.jpg,46,
1100943.jpg,46,
1100944.jpg,46,
1100951.jpg,46,
1100952.jpg,46,
1100953.jpg,46,
1100955.jpg,46,
1100961.jpg,46,
1100962.jpg,46,
1100963.jpg,46,
1100964.jpg,46,
1100971.jpg,46,
1100972.jpg,46,
1100973.jpg,46,
1100974.jpg,46,
1100981.jpg,46,
1100982.jpg,46,
1100983.jpg,46,
1100984.jpg,46,
1100985.jpg,46,
1100991.jpg,46,
1100992.jpg,46,
1100993.jpg,46,
1100994.jpg,46,
1100995.jpg,46,
1100996.jpg,46,
1100998.jpg,46,
1100999.jpg,46,
1101001.jpg,46,
1101002.jpg,46,
1101003.jpg,46,
1101011.jpg,46,
1101012.jpg,46,
1101013.jpg,46,
1101014.jpg,46,
1101035.jpg,46,
1101041.jpg,46,
1101042.jpg,46,
1101044.jpg,46,
1101051.jpg,46,
1101053.jpg,46,
1101054.jpg,46,
1101061.jpg,46,
1101062.jpg,46,
1101063.jpg,46,
1101064.jpg,46,
1101071.jpg,46,
1101091.jpg,46,
1101092.jpg,46,
1101093.jpg,46,
1101094.jpg,46,
1101101.jpg,46,
1101102.jpg,46,
1101103.jpg,46,
1101104.jpg,46,
1101112.jpg,46,
1101113.jpg,46,
1101114.jpg,46,
1101121.jpg,46,
1101122.jpg,46,
1101124.jpg,46,
1101132.jpg,46,
1101151.jpg,46,
1101152.jpg,46,
1101153.jpg,46,
1101154.jpg,46,
1101161.jpg,46,
1101162.jpg,46,
1101163.jpg,46,
1101164.jpg,46,
1101171.jpg,46,
1101172.jpg,46,
1101173.jpg,46,
1101182.jpg,46,
1101183.jpg,46,
1101184.jpg,46,
1101191.jpg,46,
1101192.jpg,46,
1101193.jpg,46,
1101194.jpg,46,
1101201.jpg,46,
1101202.jpg,46,
1101203.jpg,46,
1101204.jpg,46,
1101211.jpg,46,
1101212.jpg,46,
1101213.jpg,46,
1101214.jpg,46,
1101216.jpg,46,
1101221.jpg,46,
1101224.jpg,46,
1101231.jpg,46,
1101232.jpg,46,
1101233.jpg,46,
1101234.jpg,46,
1101241.jpg,46,
1101242.jpg,46,
1101245.jpg,46,
1101246.jpg,46,
1101255.jpg,46,
1101261.jpg,46,
1101263.jpg,46,
1101264.jpg,46,
1101265.jpg,46,
1101271.jpg,46,
1101272.jpg,46,
1101273.jpg,46,
1101291.jpg,46,
1101292.jpg,46,
1101293.jpg,46,
1101294.jpg,46,
1101311.jpg,46,
1101312.jpg,46,
1101313.jpg,46,
1101314.jpg,46,
1101321.jpg,46,
1101322.jpg,46,
1101323.jpg,46,
1101324.jpg,46,
1101325.jpg,46,
1101326.jpg,46,
1101331.jpg,46,
1101332.jpg,46,
1101333.jpg,46,
1101334.jpg,46,
1101341.jpg,46,
1101342.jpg,46,
1101343.jpg,46,
1101351.jpg,46,
1101352.jpg,46,
1101353.jpg,46,
1101354.jpg,46,
1101361.jpg,46,
1101362.jpg,46,
1101363.jpg,46,
1101364.jpg,46,
1101371.jpg,46,
1101373.jpg,46,
1101374.jpg,46,
1101381.jpg,46,
1101382.jpg,46,
1101383.jpg,46,
1101384.jpg,46,
1101391.jpg,46,
1101392.jpg,46,
1101393.jpg,46,
1101394.jpg,46,
1101401.jpg,46,
1101402.jpg,46,
1101403.jpg,46,
1101404.jpg,46,
1101411.jpg,46,
1101413.jpg,46,
1101414.jpg,46,
1101421.jpg,46,
1101461.jpg,46,
1101462.jpg,46,
1101464.jpg,46,
1101465.jpg,46,
1101471.jpg,46,
1101472.jpg,46,
1101473.jpg,46,
1101474.jpg,46,
1101475.jpg,46,
1070842.jpg,46,
1070843.jpg,46,
1070844.jpg,46,
1070851.jpg,46,
1070852.jpg,46,
1070853.jpg,46,
1070861.jpg,46,
1070862.jpg,46,
1070863.jpg,46,
1070864.jpg,46,
1070871.jpg,46,
1070872.jpg,46,
1070873.jpg,46,
1070874.jpg,46,
1070881.jpg,46,
1070882.jpg,46,
1070883.jpg,46,
1070891.jpg,46,
1070892.jpg,46,
1070901.jpg,46,
1070903.jpg,46,
1070911.jpg,46,
1070912.jpg,46,
1070913.jpg,46,
1070921.jpg,46,
1070922.jpg,46,
1070923.jpg,46,
1070924.jpg,46,
1070931.jpg,46,
1070932.jpg,46,
1070933.jpg,46,
1070934.jpg,46,
1070941.jpg,46,
1070942.jpg,46,
1070943.jpg,46,
1070951.jpg,46,
1070952.jpg,46,
1070953.jpg,46,
1070961.jpg,46,
1070962.jpg,46,
1070971.jpg,46,
1070972.jpg,46,
1070973.jpg,46,
1070974.jpg,46,
1070975.jpg,46,
1070993.jpg,46,
1070994.jpg,46,
1070995.jpg,46,
1071001.jpg,46,
1071002.jpg,46,
1071003.jpg,46,
1071011.jpg,46,
1071012.jpg,46,
1071013.jpg,46,
1071021.jpg,46,
1071022.jpg,46,
1071023.jpg,46,
1071024.jpg,46,
1071031.jpg,46,
1071033.jpg,46,
1071034.jpg,46,
1071041.jpg,46,
1071042.jpg,46,
1071044.jpg,46,
1071051.jpg,46,
1071052.jpg,46,
1071053.jpg,46,
1071061.jpg,46,
1071062.jpg,46,
1071063.jpg,46,
1071071.jpg,46,
1071072.jpg,46,
1071073.jpg,46,
1071074.jpg,46,
1071075.jpg,46,
1071081.jpg,46,
1071082.jpg,46,
1071083.jpg,46,
1071084.jpg,46,
1071091.jpg,46,
1071092.jpg,46,
1071093.jpg,46,
1071094.jpg,46,
1071102.jpg,46,
1071104.jpg,46,
1071111.jpg,46,
1071112.jpg,46,
1071113.jpg,46,
1071114.jpg,46,
1071121.jpg,46,
1071122.jpg,46,
1071123.jpg,46,
1071131.jpg,46,
1071141.jpg,46,
1071143.jpg,46,
1071144.jpg,46,
1071151.jpg,46,
1071152.jpg,46,
1071153.jpg,46,
1071154.jpg,46,
1071161.jpg,46,
1071162.jpg,46,
1071171.jpg,46,
1071172.jpg,46,
1071173.jpg,46,
1071174.jpg,46,
1071181.jpg,46,
1071182.jpg,46,
1071183.jpg,46,
1071184.jpg,46,
1071191.jpg,46,
1071192.jpg,46,
1071193.jpg,46,
1071194.jpg,46,
1071195.jpg,46,
1071201.jpg,46,
1071202.jpg,46,
1071203.jpg,46,
1071204.jpg,46,
1071211.jpg,46,
1071212.jpg,46,
1071213.jpg,46,
1071214.jpg,46,
1071221.jpg,46,
1071222.jpg,46,
1071223.jpg,46,
1071224.jpg,46,
1071231.jpg,46,
1071232.jpg,46,
1071233.jpg,46,
1071234.jpg,46,
1071241.jpg,46,
1071242.jpg,46,
1071243.jpg,46,
1071244.jpg,46,
1071251.jpg,46,
1071252.jpg,46,
1071253.jpg,46,
1071254.jpg,46,
1071255.jpg,46,
1071262.jpg,46,
1071263.jpg,46,
1071264.jpg,46,
1071271.jpg,46,
1071272.jpg,46,
1071273.jpg,46,
1071274.jpg,46,
1071281.jpg,46,
1071282.jpg,46,
1071284.jpg,46,
1071285.jpg,46,
1071291.jpg,46,
1071292.jpg,46,
1071293.jpg,46,
1071294.jpg,46,
1071295.jpg,46,
1071301.jpg,46,
1071311.jpg,46,
1071321.jpg,46,
1071322.jpg,46,
1071323.jpg,46,
1071324.jpg,46,
1071325.jpg,46,
1071331.jpg,46,
1071332.jpg,46,
1071333.jpg,46,
1071341.jpg,46,
1071351.jpg,46,
1071354.jpg,46,
1071361.jpg,46,
1071362.jpg,46,
1071363.jpg,46,
1071364.jpg,46,
1071371.jpg,46,
1071372.jpg,46,
1071373.jpg,46,
1071381.jpg,46,
1071382.jpg,46,
1071383.jpg,46,
1071384.jpg,46,
1071391.jpg,46,
1071392.jpg,46,
1071393.jpg,46,
1071394.jpg,46,
1071401.jpg,46,
1071402.jpg,46,
1071403.jpg,46,
1071404.jpg,46,
1071405.jpg,46,
1071412.jpg,46,
1071413.jpg,46,
1071414.jpg,46,
1071421.jpg,46,
1071422.jpg,46,
1071423.jpg,46,
1071424.jpg,46,
1071431.jpg,46,
1071432.jpg,46,
1071433.jpg,46,
1071441.jpg,46,
1071442.jpg,46,
1071443.jpg,46,
1071444.jpg,46,
1071451.jpg,46,
1071452.jpg,46,
1071453.jpg,46,
1071461.jpg,46,
1071462.jpg,46,
1071463.jpg,46,
1071464.jpg,46,
1071471.jpg,46,
1071472.jpg,46,
1071473.jpg,46,
1071474.jpg,46,
1071481.jpg,46,
1071482.jpg,46,
1071483.jpg,46,
1071484.jpg,46,
1071491.jpg,46,
1071492.jpg,46,
1071493.jpg,46,
1071494.jpg,46,
1071501.jpg,46,
1071502.jpg,46,
1071504.jpg,46,
1071505.jpg,46,
1071511.jpg,46,
1071512.jpg,46,
1071521.jpg,46,
1071522.jpg,46,
1071523.jpg,46,
1071531.jpg,46,
1071532.jpg,46,
1071533.jpg,46,
1071534.jpg,46,
1071541.jpg,46,
1071542.jpg,46,
1071543.jpg,46,
1071544.jpg,46,
1071545.jpg,46,
1071551.jpg,46,
1071553.jpg,46,
1071561.jpg,46,
1071562.jpg,46,
1071564.jpg,46,
1071571.jpg,46,
1071573.jpg,46,
1071574.jpg,46,
1071581.jpg,46,
1071582.jpg,46,
1071583.jpg,46,
1071584.jpg,46,
1071592.jpg,46,
1071593.jpg,46,
1071594.jpg,46,
1071601.jpg,46,
1071602.jpg,46,
1071603.jpg,46,
1071604.jpg,46,
1071612.jpg,46,
1071613.jpg,46,
1071614.jpg,46,
1071615.jpg,46,
1071621.jpg,46,
1071622.jpg,46,
1071623.jpg,46,
1071624.jpg,46,
1071625.jpg,46,
1071631.jpg,46,
1071632.jpg,46,
1071633.jpg,46,
1071641.jpg,46,
1071642.jpg,46,
1071643.jpg,46,
1071644.jpg,46,
1071651.jpg,46,
1071652.jpg,46,
1071653.jpg,46,
1071654.jpg,46,
1071661.jpg,46,
1071662.jpg,46,
1071663.jpg,46,
1071671.jpg,46,
1071672.jpg,46,
1071673.jpg,46,
1071681.jpg,46,
1071682.jpg,46,
1071683.jpg,46,
1071691.jpg,46,
1071692.jpg,46,
1071693.jpg,46,
1071694.jpg,46,
1071701.jpg,46,
1071702.jpg,46,
1071703.jpg,46,
1071711.jpg,46,
1071712.jpg,46,
1071713.jpg,46,
1071721.jpg,46,
1071722.jpg,46,
1071731.jpg,46,
1071732.jpg,46,
1071733.jpg,46,
1071734.jpg,46,
1071735.jpg,46,
1071741.jpg,46,
1071742.jpg,46,
1071743.jpg,46,
1071744.jpg,46,
1071751.jpg,46,
1071752.jpg,46,
1071753.jpg,46,
1071761.jpg,46,
1071762.jpg,46,
1071763.jpg,46,
1071764.jpg,46,
1071771.jpg,46,
1071772.jpg,46,
1071773.jpg,46,
1071774.jpg,46,
1071775.jpg,46,
1071782.jpg,46,
1071783.jpg,46,
1071791.jpg,46,
1071792.jpg,46,
1071793.jpg,46,
1071801.jpg,46,
1071802.jpg,46,
1071803.jpg,46,
1071804.jpg,46,
1071805.jpg,46,
1071811.jpg,46,
1071812.jpg,46,
1071813.jpg,46,
1071821.jpg,46,
1071822.jpg,46,
1071823.jpg,46,
1071831.jpg,46,
1071832.jpg,46,
1071833.jpg,46,
1071834.jpg,46,
1071841.jpg,46,
1071843.jpg,46,
1071844.jpg,46,
1071851.jpg,46,
1071852.jpg,46,
1071853.jpg,46,
1071854.jpg,46,
1071861.jpg,46,
1071862.jpg,46,
1071871.jpg,46,
1071872.jpg,46,
1071873.jpg,46,
1071874.jpg,46,
1071881.jpg,46,
1071882.jpg,46,
1071883.jpg,46,
1071884.jpg,46,
1071891.jpg,46,
1071892.jpg,46,
1071893.jpg,46,
1071894.jpg,46,
1071901.jpg,46,
1071902.jpg,46,
1071903.jpg,46,
1071904.jpg,46,
1071905.jpg,46,
1071911.jpg,46,
1071912.jpg,46,
1071913.jpg,46,
1071914.jpg,46,
1071921.jpg,46,
1071931.jpg,46,
1071932.jpg,46,
1071941.jpg,46,
1071942.jpg,46,
1071943.jpg,46,
1071944.jpg,46,
1071951.jpg,46,
1071961.jpg,46,
1071962.jpg,46,
1071963.jpg,46,
1071964.jpg,46,
1071971.jpg,46,
1071972.jpg,46,
1071973.jpg,46,
1071981.jpg,46,
1071982.jpg,46,
1071983.jpg,46,
1071991.jpg,46,
1071992.jpg,46,
1071993.jpg,46,
1071994.jpg,46,
1070501.jpg,46,
1070503.jpg,46,
1070504.jpg,46,
1070505.jpg,46,
1070511.jpg,46,
1070512.jpg,46,
1070513.jpg,46,
1070514.jpg,46,
1070521.jpg,46,
1070522.jpg,46,
1070523.jpg,46,
1070524.jpg,46,
1070531.jpg,46,
1070532.jpg,46,
1070533.jpg,46,
1070534.jpg,46,
1070541.jpg,46,
1070542.jpg,46,
1070543.jpg,46,
1070544.jpg,46,
1070551.jpg,46,
1070552.jpg,46,
1070553.jpg,46,
1070554.jpg,46,
1070561.jpg,46,
1070562.jpg,46,
1070563.jpg,46,
1070564.jpg,46,
1070565.jpg,46,
1070571.jpg,46,
1070572.jpg,46,
1070581.jpg,46,
1070583.jpg,46,
1070591.jpg,46,
1070592.jpg,46,
1070593.jpg,46,
1070594.jpg,46,
1070601.jpg,46,
1070603.jpg,46,
1070611.jpg,46,
1070612.jpg,46,
1070613.jpg,46,
1070614.jpg,46,
1070621.jpg,46,
1070623.jpg,46,
1070624.jpg,46,
1070631.jpg,46,
1070632.jpg,46,
1070633.jpg,46,
1070641.jpg,46,
1070642.jpg,46,
1070643.jpg,46,
1070644.jpg,46,
1070651.jpg,46,
1070652.jpg,46,
1070653.jpg,46,
1070654.jpg,46,
1070655.jpg,46,
1070661.jpg,46,
1070662.jpg,46,
1070663.jpg,46,
1070664.jpg,46,
1070671.jpg,46,
1070673.jpg,46,
1070674.jpg,46,
1070681.jpg,46,
1070683.jpg,46,
1070684.jpg,46,
1070691.jpg,46,
1070692.jpg,46,
1070693.jpg,46,
1070694.jpg,46,
1070701.jpg,46,
1070702.jpg,46,
1070703.jpg,46,
1070711.jpg,46,
1070712.jpg,46,
1070713.jpg,46,
1070721.jpg,46,
1070722.jpg,46,
1070723.jpg,46,
1070731.jpg,46,
1070732.jpg,46,
1070733.jpg,46,
1070741.jpg,46,
1070742.jpg,46,
1070743.jpg,46,
1070751.jpg,46,
1070753.jpg,46,
1070761.jpg,46,
1070762.jpg,46,
1070763.jpg,46,
1070771.jpg,46,
1070772.jpg,46,
1070781.jpg,46,
1070782.jpg,46,
1070783.jpg,46,
1070791.jpg,46,
1070792.jpg,46,
1070793.jpg,46,
1070801.jpg,46,
1070802.jpg,46,
1070803.jpg,46,
1070811.jpg,46,
1070812.jpg,46,
1070813.jpg,46,
1070814.jpg,46,
1070821.jpg,46,
1070823.jpg,46,
1070824.jpg,46,
1070832.jpg,46,
1070841.jpg,46,
1080081.jpg,46,
1080082.jpg,46,
1080083.jpg,46,
1080091.jpg,46,
1080092.jpg,46,
1080093.jpg,46,
1080094.jpg,46,
1080101.jpg,46,
1080102.jpg,46,
1080103.jpg,46,
1080104.jpg,46,
1080111.jpg,46,
1080112.jpg,46,
1080113.jpg,46,
1080121.jpg,46,
1080122.jpg,46,
1080123.jpg,46,
1080124.jpg,46,
1080131.jpg,46,
1080132.jpg,46,
1080133.jpg,46,
1080134.jpg,46,
1080141.jpg,46,
1080142.jpg,46,
1080143.jpg,46,
1080144.jpg,46,
1080151.jpg,46,
1080153.jpg,46,
1080154.jpg,46,
1080155.jpg,46,
1080161.jpg,46,
1080162.jpg,46,
1080163.jpg,46,
1080164.jpg,46,
1080171.jpg,46,
1080172.jpg,46,
1080173.jpg,46,
1080174.jpg,46,
1080176.jpg,46,
1080181.jpg,46,
1080182.jpg,46,
1080183.jpg,46,
1080184.jpg,46,
1080191.jpg,46,
1080193.jpg,46,
1080194.jpg,46,
1080195.jpg,46,
1080201.jpg,46,
1080202.jpg,46,
1080203.jpg,46,
1080204.jpg,46,
1080211.jpg,46,
1080212.jpg,46,
1080213.jpg,46,
1080214.jpg,46,
1080221.jpg,46,
1080222.jpg,46,
1080223.jpg,46,
1080232.jpg,46,
1080233.jpg,46,
1080234.jpg,46,
1080241.jpg,46,
1080242.jpg,46,
1080243.jpg,46,
1080244.jpg,46,
1080245.jpg,46,
1080251.jpg,46,
1080252.jpg,46,
1080253.jpg,46,
1080254.jpg,46,
1080261.jpg,46,
1080262.jpg,46,
1080263.jpg,46,
1080264.jpg,46,
1080271.jpg,46,
1080272.jpg,46,
1080273.jpg,46,
1080274.jpg,46,
1080291.jpg,46,
1080292.jpg,46,
1080293.jpg,46,
1080301.jpg,46,
1080303.jpg,46,
1080311.jpg,46,
1080312.jpg,46,
1080313.jpg,46,
1080314.jpg,46,
1080321.jpg,46,
1080322.jpg,46,
1080323.jpg,46,
1080332.jpg,46,
1080333.jpg,46,
1080334.jpg,46,
1080335.jpg,46,
1080341.jpg,46,
1080342.jpg,46,
1080343.jpg,46,
1080351.jpg,46,
1080352.jpg,46,
1080353.jpg,46,
1080354.jpg,46,
1080361.jpg,46,
1080362.jpg,46,
1080363.jpg,46,
1080364.jpg,46,
1080371.jpg,46,
1080372.jpg,46,
1080373.jpg,46,
1080374.jpg,46,
1080381.jpg,46,
1080382.jpg,46,
1080383.jpg,46,
1080384.jpg,46,
1080391.jpg,46,
1080392.jpg,46,
1080393.jpg,46,
1080394.jpg,46,
1080401.jpg,46,
1080402.jpg,46,
1080403.jpg,46,
1080411.jpg,46,
1080412.jpg,46,
1080413.jpg,46,
1080421.jpg,46,
1080424.jpg,46,
1080431.jpg,46,
1080432.jpg,46,
1080433.jpg,46,
1080434.jpg,46,
1080441.jpg,46,
1080442.jpg,46,
1080444.jpg,46,
1080451.jpg,46,
1080452.jpg,46,
1080454.jpg,46,
1080462.jpg,46,
1080464.jpg,46,
1080472.jpg,46,
1080474.jpg,46,
1080481.jpg,46,
1080482.jpg,46,
1080484.jpg,46,
1080491.jpg,46,
1080492.jpg,46,
1080493.jpg,46,
1080494.jpg,46,
1080495.jpg,46,
1080501.jpg,46,
1080502.jpg,46,
1080503.jpg,46,
1080504.jpg,46,
1080511.jpg,46,
1080512.jpg,46,
1080513.jpg,46,
1080521.jpg,46,
1080522.jpg,46,
1080531.jpg,46,
1080532.jpg,46,
1080533.jpg,46,
1080534.jpg,46,
1080541.jpg,46,
1080542.jpg,46,
1080543.jpg,46,
1080544.jpg,46,
1080551.jpg,46,
1080553.jpg,46,
1080554.jpg,46,
1080561.jpg,46,
1080562.jpg,46,
1080563.jpg,46,
1080564.jpg,46,
1080571.jpg,46,
1080572.jpg,46,
1080573.jpg,46,
1080581.jpg,46,
1080582.jpg,46,
1080583.jpg,46,
1080591.jpg,46,
1080592.jpg,46,
1080593.jpg,46,
1080601.jpg,46,
1080602.jpg,46,
1080603.jpg,46,
1080604.jpg,46,
1080611.jpg,46,
1080612.jpg,46,
1080613.jpg,46,
1080614.jpg,46,
1080621.jpg,46,
1080622.jpg,46,
1080624.jpg,46,
1080631.jpg,46,
1080632.jpg,46,
1080633.jpg,46,
1080634.jpg,46,
1080641.jpg,46,
1080642.jpg,46,
1080643.jpg,46,
1080644.jpg,46,
1080645.jpg,46,
1080651.jpg,46,
1080654.jpg,46,
1080661.jpg,46,
1080671.jpg,46,
1080672.jpg,46,
1080673.jpg,46,
1080674.jpg,46,
1080675.jpg,46,
1080681.jpg,46,
1080682.jpg,46,
1080683.jpg,46,
1080684.jpg,46,
1080691.jpg,46,
1080692.jpg,46,
1080694.jpg,46,
1080701.jpg,46,
1080702.jpg,46,
1080703.jpg,46,
1080704.jpg,46,
1080711.jpg,46,
1080712.jpg,46,
1080713.jpg,46,
1080721.jpg,46,
1080722.jpg,46,
1080723.jpg,46,
1080724.jpg,46,
1080731.jpg,46,
1080732.jpg,46,
1080733.jpg,46,
1080734.jpg,46,
1080742.jpg,46,
1080743.jpg,46,
1080744.jpg,46,
1080752.jpg,46,
1080753.jpg,46,
1080761.jpg,46,
1080762.jpg,46,
1080763.jpg,46,
1080764.jpg,46,
1080781.jpg,46,
1080782.jpg,46,
1080783.jpg,46,
1080791.jpg,46,
1080792.jpg,46,
1080793.jpg,46,
1080794.jpg,46,
1080795.jpg,46,
1080801.jpg,46,
1080802.jpg,46,
1080803.jpg,46,
1080804.jpg,46,
1080811.jpg,46,
1080812.jpg,46,
1080813.jpg,46,
1080814.jpg,46,
1080821.jpg,46,
1080822.jpg,46,
1080823.jpg,46,
1080824.jpg,46,
1080831.jpg,46,
1080832.jpg,46,
1080833.jpg,46,
1080834.jpg,46,
1080841.jpg,46,
1080842.jpg,46,
1080843.jpg,46,
1080844.jpg,46,
1080852.jpg,46,
1080853.jpg,46,
1080854.jpg,46,
1080861.jpg,46,
1080865.jpg,46,
1080867.jpg,46,
1080868.jpg,46,
1080893.jpg,46,
1080894.jpg,46,
1080911.jpg,46,
1080921.jpg,46,
1080922.jpg,46,
1080923.jpg,46,
1080924.jpg,46,
1080931.jpg,46,
1080933.jpg,46,
1080934.jpg,46,
1080941.jpg,46,
1080942.jpg,46,
1080943.jpg,46,
1080944.jpg,46,
1080952.jpg,46,
1080953.jpg,46,
1080961.jpg,46,
1080962.jpg,46,
1080963.jpg,46,
1080964.jpg,46,
1080971.jpg,46,
1080972.jpg,46,
1080974.jpg,46,
1080982.jpg,46,
1080983.jpg,46,
1080992.jpg,46,
1080993.jpg,46,
1080994.jpg,46,
1081001.jpg,46,
1081004.jpg,46,
1081011.jpg,46,
1081012.jpg,46,
1081013.jpg,46,
1081014.jpg,46,
1081022.jpg,46,
1081023.jpg,46,
1081024.jpg,46,
unknow394.jpg,46,
unknow395.jpg,46,
unknow397.jpg,46,
unknow398.jpg,46,
unknow399.jpg,46,
1101026.jpg,46,
103082.jpg,46,
104092.jpg,46,
1050221.jpg,46,
1050222.jpg,46,
1050223.jpg,46,
1054902.jpg,46,
104231.jpg,45,
104284.jpg,45,
104322.jpg,45,
104671.jpg,45,
105031.jpg,45,
1032291.jpg,45,
1050213.jpg,45,
1050323.jpg,45,
1050474.jpg,45,
1050551.jpg,45,
1050554.jpg,45,
1050581.jpg,45,
1050583.jpg,45,
1050594.jpg,45,
1050643.jpg,45,
1050711.jpg,48,
1050832.jpg,47,
1050853.jpg,45,
1052103.jpg,47,
1052151.jpg,47,
1052183.jpg,47,
1051001.jpg,45,
1051012.jpg,45,
1051034.jpg,45,
1051221.jpg,45,
1051342.jpg,47,
1051501.jpg,45,
1051533.jpg,47,
1051591.jpg,45,
1051792.jpg,47,
1052022.jpg,45,
1053061.jpg,45,
1055192.jpg,45,
1055855.jpg,45,
1052233.jpg,45,
1052411.jpg,47,
1052562.jpg,45,
1052572.jpg,45,
1052643.jpg,45,
1052721.jpg,44,
1052843.jpg,45,
1052931.jpg,45,
1052943.jpg,45,
1052992.jpg,45,
1053281.jpg,47,
1053353.jpg,48,
1053503.jpg,47,
1053601.jpg,47,
1053694.jpg,45,
1053731.jpg,45,
1053923.jpg,47,
1053961.jpg,45,
1053962.jpg,45,
1053982.jpg,45,
1054052.jpg,45,
1054112.jpg,47,
1054163.jpg,45,
1054182.jpg,45,
1054301.jpg,45,
1054431.jpg,45,
1054444.jpg,47,
1054531.jpg,45,
1054543.jpg,44,
1054572.jpg,47,
1054591.jpg,45,
1054601.jpg,45,
1054672.jpg,45,
1054751.jpg,45,
1054933.jpg,49,
1054982.jpg,43,
1055181.jpg,47,
1055191.jpg,45,
1055251.jpg,45,
1055274.jpg,45,
1055351.jpg,45,
1055352.jpg,47,
1055622.jpg,45,
1055655.jpg,45,
1055672.jpg,45,
1055711.jpg,45,
1055771.jpg,45,
1055784.jpg,45,
1055804.jpg,44,
1055872.jpg,47,
1055882.jpg,45,
1055904.jpg,47,
1055931.jpg,45,
1055984.jpg,45,
1056012.jpg,45,
1056014.jpg,45,
1056121.jpg,45,
1056145.jpg,45,
1056151.jpg,45,
1056156.jpg,45,
1056162.jpg,45,
1056174.jpg,47,
1056184.jpg,45,
1056263.jpg,45,
1056264.jpg,45,
1056273.jpg,45,
1056274.jpg,45,
1056461.jpg,45,
1056503.jpg,45,
1056564.jpg,45,
1056864.jpg,45,
1056883.jpg,45,
1056894.jpg,45,
1056902.jpg,45,
1056914.jpg,45,
1057003.jpg,45,
1057032.jpg,45,
1057034.jpg,47,
1057081.jpg,44,
1057094.jpg,47,
1057152.jpg,45,
1057182.jpg,47,
1057183.jpg,44,
1057214.jpg,45,
1057261.jpg,47,
1057273.jpg,47,
1057364.jpg,47,
1057401.jpg,45,
1057461.jpg,45,
1057612.jpg,45,
1057661.jpg,47,
1057663.jpg,47,
1057703.jpg,45,
1057712.jpg,45,
1057733.jpg,45,
1057754.jpg,47,
1057764.jpg,47,
1057793.jpg,47,
1057802.jpg,47,
1057803.jpg,47,
1057882.jpg,47,
1057974.jpg,45,
1057983.jpg,47,
1058041.jpg,45,
1058044.jpg,47,
1058075.jpg,45,
1058092.jpg,45,
1058094.jpg,47,
1058121.jpg,47,
1058122.jpg,47,
1058141.jpg,47,
1058144.jpg,45,
1058172.jpg,45,
1058191.jpg,45,
1060141.jpg,47,
1060153.jpg,47,
1060171.jpg,47,
1060262.jpg,47,
1060301.jpg,47,
1060324.jpg,47,
1060342.jpg,47,
1060431.jpg,45,
1060512.jpg,45,
1060521.jpg,47,
1060582.jpg,45,
1060613.jpg,47,
1060641.jpg,47,
1060652.jpg,45,
1060662.jpg,45,
1060751.jpg,47,
1060771.jpg,47,
1060792.jpg,47,
1060811.jpg,47,
1060861.jpg,47,
1060891.jpg,45,
1091011.jpg,45,
1091013.jpg,47,
1091014.jpg,47,
1091072.jpg,45,
1091083.jpg,45,
1091144.jpg,45,
1091225.jpg,45,
1091231.jpg,45,
1091254.jpg,45,
1091265.jpg,44,
1091285.jpg,45,
1091294.jpg,45,
1091295.jpg,45,
1101262.jpg,45,
1101344.jpg,45,
1101372.jpg,45,
1101412.jpg,45,
1101463.jpg,45,
1070902.jpg,45,
1070963.jpg,45,
1070991.jpg,47,
1070992.jpg,45,
1071043.jpg,47,
1071101.jpg,45,
1071142.jpg,47,
1071261.jpg,47,
1071353.jpg,45,
1071411.jpg,45,
1071503.jpg,45,
1071552.jpg,45,
1071563.jpg,47,
1071572.jpg,47,
1071611.jpg,45,
1071784.jpg,45,
1071814.jpg,45,
1071863.jpg,45,
1071933.jpg,45,
1070502.jpg,45,
1070622.jpg,45,
1070682.jpg,45,
1070734.jpg,45,
1070744.jpg,45,
1070752.jpg,45,
1070822.jpg,45,
1080152.jpg,47,
1080175.jpg,45,
1080192.jpg,45,
1080231.jpg,47,
1080324.jpg,45,
1080344.jpg,45,
1080404.jpg,45,
1080422.jpg,45,
1080423.jpg,45,
1080443.jpg,45,
1080453.jpg,47,
1080463.jpg,47,
1080471.jpg,47,
1080473.jpg,45,
1080483.jpg,44,
1080552.jpg,45,
1080652.jpg,45,
1080653.jpg,47,
1080693.jpg,45,
1080741.jpg,45,
1080751.jpg,45,
1080862.jpg,45,
1080863.jpg,45,
1080864.jpg,50,
1080866.jpg,45,
1080871.jpg,47,
1080872.jpg,47,
1080873.jpg,47,
1080874.jpg,47,
1080881.jpg,45,
1080973.jpg,45,
1081002.jpg,45,
unknow396.jpg,45,
1101222.jpg,45,
1101223.jpg,45,
1101243.jpg,45,
1101244.jpg,45,
1101251.jpg,47,
1101252.jpg,47,
1101031.jpg,45,
1101043.jpg,45,
1101052.jpg,45,
1101111.jpg,45,
1101123.jpg,45,
1091731.jpg,45,
1100083.jpg,47,
1100154.jpg,45,
1100169.jpg,47,
1100173.jpg,45,
1100192.jpg,45,
1100254.jpg,45,
1100303.jpg,47,
1100334.jpg,45,
1100351.jpg,45,
1100352.jpg,45,
1100354.jpg,45,
1100372.jpg,45,
1100382.jpg,45,
1100403.jpg,45,
1100411.jpg,45,
1100502.jpg,45,
1100524.jpg,47,
1100593.jpg,44,
1100613.jpg,45,
1100623.jpg,45,
1100663.jpg,45,
1100722.jpg,47,
1100761.jpg,47,
1100762.jpg,47,
1100763.jpg,47,
1100791.jpg,45,
1100841.jpg,47,
1100842.jpg,47,
1100843.jpg,47,
1100844.jpg,47,
1100892.jpg,47,
1050034.jpg,45,
1050122.jpg,47,
1050193.jpg,47,
1050214.jpg,45,
1050222_1.jpg,45,
1050273_1.jpg,45,
1050274.jpg,45,
1050275.jpg,45,
1080022.jpg,44,
1080042.jpg,45,
1080043.jpg,45,
1080044.jpg,45,
1100954.jpg,45,
1091522.jpg,45,
1091524.jpg,45,
1091525.jpg,45,
1091531.jpg,45,
1091541.jpg,45,
1091561.jpg,45,
1091576.jpg,45,
1091586.jpg,45,
1091592.jpg,45,
1091593.jpg,45,
1091621.jpg,45,
1091623.jpg,44,
1091663.jpg,45,
1091712.jpg,45,
1091351.jpg,45,
1091364.jpg,45,
1091373.jpg,45,
1091402.jpg,45,
1091455.jpg,45,
1091463.jpg,45,
1101181.jpg,45,
1056203.jpg,45,
105041.jpg,46,9
105042.jpg,46,9
1051921.jpg,46,16
1051922.jpg,46,16
1051923.jpg,46,16
1052072.jpg,46,1
1052073.jpg,46,1
1052074.jpg,46,1
1054202.jpg,46,9
1054203.jpg,46,9
1054631.jpg,46,9
1054632.jpg,46,9
1054633.jpg,46,9
1054641.jpg,46,9
1054642.jpg,46,9
1054731.jpg,46,16
1054733.jpg,46,16
1054813.jpg,46,16
1054814.jpg,46,16
1054822.jpg,46,16
1055651.jpg,46,9
1055652.jpg,46,9
1055653.jpg,46,9
1055901.jpg,46,9
1055902.jpg,46,9
1055903.jpg,46,9
1055905.jpg,46,9
1056001.jpg,46,16
1056002.jpg,46,16
1056004.jpg,46,16
1056053.jpg,46,16
1056054.jpg,46,16
1056055.jpg,46,16
1056061.jpg,46,16
1056063.jpg,46,16
1056064.jpg,46,16
1056065.jpg,46,16
1056371.jpg,46,16
1056372.jpg,46,16
1056661.jpg,46,9
1056662.jpg,46,9
1056663.jpg,46,9
1056664.jpg,46,9
1056693.jpg,46,"1,16"
1056694.jpg,46,"1,16"
1056701.jpg,46,1
1056702.jpg,46,1
1057606.jpg,46,16
1057607.jpg,46,16
1056761.jpg,46,16
1056762.jpg,46,16
1056952.jpg,46,16
1056953.jpg,46,16
1056954.jpg,46,16
1056991.jpg,46,9
1056992.jpg,46,9
1056993.jpg,46,9
1056994.jpg,46,9
1057053.jpg,46,16
1057054.jpg,46,16
1057055.jpg,46,16
1057264.jpg,46,9
1057265.jpg,46,9
1057301.jpg,46,9
1057302.jpg,46,9
1057303.jpg,46,9
1057304.jpg,46,9
1057551.jpg,46,9
1057552.jpg,46,9
1057554.jpg,46,9
1057555.jpg,46,9
1060352.jpg,46,1
1060353.jpg,46,1
1060361.jpg,46,9
1060362.jpg,46,9
1060363.jpg,46,9
1091121.jpg,46,9
1091122.jpg,46,9
1091123.jpg,46,9
1091124.jpg,46,9
1091552.jpg,46,"9,16"
1091554.jpg,46,"9,16"
1101032.jpg,46,16
1101033.jpg,46,16
1101034.jpg,46,16
1050312.jpg,45,1
1052291.jpg,45,9
1054051.jpg,47,1
1055233.jpg,45,9
1056062.jpg,45,16
1058003.jpg,47,"1,18"
1060351.jpg,45,1
1070672.jpg,45,1
1080302.jpg,45,9
1091551.jpg,45,"9,16"
1091553.jpg,45,"9,16"
1091595.jpg,45,Y
1101072.jpg,45,9
1101073.jpg,45,9
